date,LREN3 Daily Return,JO Daily Returns,SOYB Daily Returns,WEAT Daily Returns,CORN Daily Returns,XLI Daily Returns,IYC Daily Returns
2020-07-30,0.006321419888159374,-0.025240054869684503,-0.0028109627547435734,-0.010166358595193992,0.0008532423208191808,0.0037641154328731385,-0.0014105578114981254
2020-07-29,0.007489731819280143,-0.026175063326766113,-0.002114164904862492,0.006535947712418055,-0.002557544757033292,0.01013888888888892,0.001112918414519326
2020-07-28,-0.03717026378896893,-0.02687861271676295,0.0,-0.01298701298701288,0.005982905982905962,-0.014986937989825422,-0.009321019326150148
2020-07-27,-0.0037359900373599153,0.013662013662013583,0.011793785310734384,0.005639097744360777,0.012752761257434075,0.006979341150195495,0.007552870090634434
2020-07-24,0.030000000000000027,-0.02168180486375626,-0.0032805192992252374,0.020560747663551426,0.005025125628140836,-0.004158580537843015,-0.004240736774469789
2020-07-23,-0.0031553398058252746,-0.011081162024558222,0.0014005602240896309,-0.0210622710622711,0.0008347245409014992,0.00807349665924284,-0.0009033812268778307
2020-07-22,0.039201363525687816,0.002119927316777792,-0.002097902097902171,0.01028999064546321,-0.0033361134278566684,0.0030378348522508425,0.011194833153928885
2020-07-21,-0.008903467666354303,-0.05349048050770633,-0.0042046250875962254,-0.011111111111111183,-0.010041841004184038,-0.00798458149779735,-0.0076644666808600714
2020-07-20,0.010638297872340496,-0.025862068965517238,0.004222378606614896,-0.009363295880149725,0.012679628064243387,-0.013044684984734878,-0.004462561682042621
2020-07-17,-0.011695906432748537,0.02359882005899694,-0.0014015416958653715,0.018903591682419618,0.00918196994991649,0.01237345331833506,-0.004396362225766004
2020-07-16,-0.01680473372781066,-0.0339417227025296,-0.007017543859649145,0.0037105751391466324,-0.006617038875103343,-0.005972222222222268,0.0044590674920992335
2020-07-15,0.000962927298988836,0.001988730527013649,-0.005653710247349841,0.020332717190387983,-0.008326394671107407,-0.00027944669554280654,0.003749676752003994
2020-07-14,0.007936507936507908,-0.0036387694343367194,-0.002842928216062579,-0.032608695652173836,0.0025188916876572875,-0.02487770789657584,-0.020395895057752633
2020-07-13,0.020520162252445795,0.006640106241699861,-0.0071275837491090455,-0.005617977528089901,0.002512562814070529,-0.021212555539630085,-0.011221179977206841
2020-07-10,0.038344634089314766,-0.014841688654353535,0.01794687724335975,0.018832391713747842,0.025062656641603898,-0.004100161077756681,0.012944409965422343
2020-07-09,-0.0067552353073631055,0.017743555406762646,0.01128349788434413,-0.01663585951940849,0.0317848410757946,-0.012792236435818283,-0.01715536105032822
2020-07-08,-0.011562004080707289,0.016776315789473806,-0.0034867503486750717,-0.009398496240601628,-0.010268562401263837,0.022192433720583882,0.0005788583132959602
2020-07-07,-0.019724770642201794,-0.003558718861209953,-0.0013995801259621965,-0.04174573055028463,-0.004788507581803603,0.0,-0.0061412487205732
2020-07-06,-0.005147402901263476,-0.015909090909090984,0.007708479327260154,0.0,0.008821170809943712,0.01952498907183453,0.010074777235481225
2020-07-02,0.011219512195121961,0.04256021115143516,-0.010431154381084884,-0.001980198019801982,-0.007949125596184436,-0.014148920966128298,-0.01892898306587465
2020-07-01,-0.0007235890014472002,0.014240506329113778,0.0035137034434293835,0.01388888888888884,0.015224358974359031,-0.008553203827196376,0.001491121051917954
2020-06-30,0.008930726526671373,-0.026833073322932832,-0.02170868347338928,-0.009784735812133238,-0.02131018153117592,0.004532826436613568,-0.0118209709438728
2020-06-29,-0.014354066985645786,-0.006412311638345769,-0.016463851109520422,-0.01383399209486158,-0.03548387096774186,-0.005676855895196509,-0.00894895443338517
2020-06-26,-0.014563106796116498,-0.03966763472087764,-0.0014556040756913413,-0.02605210420841686,-0.024247491638796026,-0.03176694481042308,-0.019395558831659443
2020-06-25,0.005172413793103514,-0.00035953455395876244,0.009475218658892004,0.028806584362139898,0.010282776349614275,0.018899304505594294,0.02217524077989186
2020-06-24,0.00588091154128878,0.01613445378151268,0.0043321299638989785,-0.0010000000000000009,0.01526717557251911,-0.010980857694019797,-0.0017925265431814053
2020-06-23,0.019975639464068218,0.001984783327819928,0.0035945363048166534,0.011011011011010874,0.007518796992481258,0.03600900225056258,0.0253706602817938
2020-06-22,0.025555290183902457,-0.000660283922086502,0.004297994269340855,-0.000990099009900991,0.013266998341625147,-0.00014482259232428962,-0.004445641923750521
2020-06-19,0.020866325104797356,-0.0171787248100429,0.0014265335235377208,-0.0069375619425173785,0.011456628477904962,-0.0016772885283894423,-0.006044203879115861
2020-06-18,-0.019814764120813955,0.0023529411764706687,-0.002849002849002802,0.001996007984031989,-0.007281553398058249,0.012422342225227201,0.007578507896169873
2020-06-17,0.008364480978602318,0.017810194500335275,0.0014285714285713347,0.01195219123505975,-0.0008149959250203231,0.003708777822998943,0.0015313245957753185
2020-06-16,-0.03778723561398489,-0.02277017966399897,-0.004279600570613273,0.007874015748031482,-0.004078303425774754,0.007250225587956516,0.0030579664523091576
2020-06-15,0.008860723058028874,0.008074848280512414,0.003581661891117305,0.013671875,0.0016380016380015405,-0.01919287850652751,-0.019412687738175394
2020-06-12,0.02017404122779909,0.006705797755815368,0.0017844396859385547,0.0036608863198457353,0.004897792313981908,-0.009784226728137169,-0.007345007315288976
2020-06-10,0.02140651401270177,0.003957783641161061,0.002071428571428502,0.011605415860735047,-0.006493506493506551,0.07554328257835663,0.054643469966073166
2020-06-09,0.043734312964906596,0.01215505913271997,-0.0008624991089885015,-0.0019120458891014325,0.005718954248365993,0.024515418624082352,0.013625463169470331
2020-06-08,0.00851283374177747,0.016877637130801704,0.002361435124742295,0.013409961685823868,0.008935824532900094,0.02554097005997713,0.014182129036024893
2020-06-05,-0.004977011668664488,0.008933929141398123,0.004982206405693912,0.007561436672967936,-0.004025764895330131,-0.019662159493371023,-0.01762990979906276
2020-06-04,-0.030882849518000133,-0.01929458808790918,-0.003541076487252104,0.014727954971857304,-0.007275666936135794,-0.0354326372959296,-0.0192556376016495
2020-06-03,-0.008528736717403063,0.004838709677419395,-0.013503909026297056,-0.026902098548580944,-0.01791530944625397,-0.010534479325770896,0.0014251162923430982
2020-06-02,-0.04640010882996459,-0.006420545746388395,-0.0057636887608069065,-0.0015200456013680919,0.0016583747927030323,-0.037546067175404985,-0.016583697713975276
2020-06-01,-0.027059606742908637,0.003231017770597866,-0.011594202898550732,0.010466222645099776,-0.0033112582781458233,-0.01280913497035674,-0.006328964907705181
2020-05-29,-0.05952703875036969,-0.01900161030595815,0.0014662756598240456,0.007532956685499137,0.011627906976744207,-0.0022111835830356252,-0.0091902936209729
2020-05-28,0.012451604521241944,0.020682862770847077,0.002196193265007196,-0.014953271028037451,0.0024630541871921707,0.006205925092509945,-0.00528046673402538
2020-05-27,0.019471720194434994,0.037954326149887585,-0.0010956902848794359,-0.015180265654648806,-0.017199017199017286,0.00954576835248111,0.010201821866185234
2020-05-26,-0.04121552051839117,0.02718314223737206,-0.001828153564899515,0.0038535645472059787,0.0008333333333332416,-0.03229426488574039,-0.017044292184989263
2020-05-22,-0.07431163295030763,-0.01047448954964525,-0.008058608058608141,0.002859884836852178,-0.010407993338884314,-0.04028919068284165,-0.014550899513961157
2020-05-21,0.09098292545634878,0.012500000000000178,-0.0011447562776957243,0.014373480832168939,0.0021034917963820288,0.0007835362975550098,0.0010852725631094184
2020-05-20,-0.06107421630267351,0.017765733212887547,0.010758253539872031,-0.005660377358490565,0.005877413937867448,-0.0023487685472536324,-0.000565882077537605
2020-05-19,-0.038923996807577965,0.002662721893491149,-0.006583760058522348,-0.026565464895635604,-0.0008347245409014992,-0.01835533199702477,-0.01570066730669417
2020-05-18,-0.016036811152254415,-0.0017704337562703953,0.0022091310751104487,-0.0019493177387913674,-0.005012531328320802,0.012945150063569999,0.007664189977878211
2020-05-15,-0.07679791914552159,-0.0012710611882943423,-0.009919177075679686,0.009765625,0.0016792611251048584,-0.061849445324881236,-0.03627120128893169
2020-05-14,-0.003587742329964394,-0.0007991239234025338,-0.0007346938775509848,0.003868471953578423,-0.006286672254819714,0.0035322556940942107,-0.015192459892044208
2020-05-13,-0.045647472167826164,-0.022215639810426513,0.0025918856896718356,-0.005780346820809301,0.004639392661324404,-0.010391136308545934,-0.010368163097405958
2020-05-12,0.040905996268092215,0.017261435928506597,0.009822222222222177,0.019379844961240345,0.009235936188077165,0.025741166304638075,0.019789714012273363
2020-05-11,-0.011485516681706165,0.024425398602731407,0.0031908806830684977,0.005703422053231932,-0.004991680532445808,0.02889271405449856,0.02119165993134442
2020-05-08,0.03669485892130164,0.02296511627906983,-0.0020327432528278733,0.01512287334593565,0.00836120401337781,0.012676344635400127,0.003790860171873911
2020-05-07,-0.01740399730518749,-0.022733731173628757,-0.012331206084274293,-0.005586592178770999,-0.0066334991708125735,-0.02424273290976464,-0.018833742361930472
2020-05-06,0.06964918295051992,0.0006629834254143763,-0.006305637982195855,-0.01310861423220977,-0.014190317195325486,-0.011530305995954837,-0.015667472585258913
2020-05-05,0.02020809729574724,0.008014459735912416,0.0033594624860022737,0.014781783681214522,0.0101608806096527,0.01396509304286564,0.002029961896164112
2020-05-04,0.0236602578764189,-0.026193043247637493,0.006063988095238004,-0.007086893920978388,-0.0025146689019278634,-0.003889505495757395,-0.0005000736581440846
2020-04-30,0.03171159142117985,-0.0034718503445075877,0.0021834061135370675,0.009416195856873921,0.0050167224080266415,0.031155788621322067,0.028685008797400213
2020-04-29,0.05626831362050666,-0.01094144164315658,-0.016702977487291215,-0.011194029850746356,-0.009983361064891727,0.02024515693047002,0.014552970828028533
2020-04-28,-0.008626098641858926,0.022939933594928963,-0.01477104874446078,0.020754716981132182,-0.015126050420168013,-0.018776276207210674,-0.023922942122225344
2020-04-27,-0.0387889147476117,-0.01593390380643256,0.008245877061469287,-0.009242144177449174,0.00213310580204773,-0.018355834739671284,-0.0022685267960774746
2020-04-24,-0.025606661153725563,0.004797601199400203,-0.0007434944237918462,0.018656716417910335,0.026819923371647514,-0.024248145135487453,-0.020067136320590984
2020-04-23,0.0472516567743515,0.053416890480453505,0.012648809523809534,0.0219780219780219,0.00746268656716409,-0.007957845280433307,-0.01578756999129094
2020-04-22,0.03751632193719168,-0.0028328611898015277,0.001616458486407124,-0.005376344086021501,-0.006584362139917754,-0.007858878938073022,-0.0015372533722052273
2020-04-20,-0.04715114713155899,0.02681118083285794,0.001481481481481417,0.0017889087656528524,0.014345991561181437,0.024178838993653695,0.02395095605141151
2020-04-17,-0.038463020971186146,0.028888888888888964,0.009615384615384581,-0.016910714285714223,0.032445923460898474,0.027352993604115916,0.01693305411202939
2020-04-16,-0.059358338789636145,0.017548596112310966,0.00512820512820511,-0.002779140101356825,-0.019339242546333568,-0.04484943800908292,-0.02385110213566166
2020-04-15,0.0028041843999841998,0.0015574422923851916,0.005102040816326481,0.016393442622950838,0.006573541495480617,0.008959432569270787,-0.00968151206225798
2020-04-14,0.008672346236552997,-0.015595239041344522,0.0029006526468455807,0.017921146953404854,0.013877551020408108,0.028448301492862704,0.02193121512214624
2020-04-13,-0.0005561454067446459,0.017892895586652413,0.005061460592914013,0.015845070422535246,0.023349436392914757,-0.018707529427258618,-0.03598726986447609
2020-04-09,0.014982125994873696,-0.007339080870008896,0.007194244604316502,-0.008665511265164572,-0.00393391030684509,0.030144568887492174,0.0013125429889380147
2020-04-08,0.03198626628455936,0.00832816207823206,-0.010000000000000009,-0.01573426573426573,0.0,-0.01486796301915927,-0.015992454368042974
2020-04-07,-0.01986815380446294,0.004226096143687297,-0.00649350649350644,-0.001776198934280604,0.005529225908372792,-0.03500368519262187,-0.0271239304561679
2020-04-06,-0.060809959978319394,-0.03603366649132045,0.008714596949891185,0.008896797153024938,-0.014139827179890041,0.002329759586860547,-0.009639722767453951
2020-04-03,-0.10906531268945574,-0.01418553888130969,-0.011519078473722133,-0.012345679012345734,0.012749003984063645,-0.06474149588404299,-0.07129056523506871
2020-04-02,0.038113122364387575,0.03520333461573588,0.0058266569555718295,-0.0071428571428571175,-0.0015735641227381247,0.013490553759865742,0.018640093856558737
2020-04-01,0.003422423491817428,-0.018368001711138393,-0.00434467776973213,0.010791366906474975,-0.003940110323088941,-0.013135072949173043,-0.007249452968141834
2020-03-31,0.04062122140041757,0.017183712379136518,0.02181818181818196,0.03202846975088969,0.025316455696202445,0.04720406551743195,0.04328352222861831
2020-03-30,0.0634697394511361,0.007601905430047351,0.002135231316725994,-0.01896551724137918,0.0038580246913579863,0.012541426025501679,0.014958238592357453
2020-03-27,0.008684078338332846,-0.035339013228877225,0.0021306818181818787,0.0017574692442881013,0.011529592621060791,-0.0143932784297508,-0.01952078657975176
2020-03-26,0.07472378449704431,0.07190082644628104,0.0,0.0017543859649122862,0.010638297872340496,0.04397926655170825,0.038400905315147504
2020-03-25,-0.04885231996816641,0.04266255461321,0.0007087172218285254,0.012259194395796813,-0.003759398496240629,-0.05936930225263193,-0.04277061733703824
2020-03-24,-0.10352932757543498,-0.024895242790239025,-0.004957507082152923,-0.01730103806228378,-0.007547169811320753,-0.049973512579353785,-0.01211873202536673
2020-03-23,-0.09063528515989583,-0.05472699696663297,-0.00142348754448407,0.0,-0.001520912547528508,-0.11230353234986001,-0.08306469715658338
2020-03-20,0.14699974003261418,-0.004144939162989747,-0.01282965074839626,-0.03169014084507038,-0.00990099009900991,0.04544162654001882,0.0005028683052896721
2020-03-19,0.06732090977861893,-0.045099355531686425,-0.016967509025270666,0.0,0.011538461538461497,0.052723547605445065,0.03654399778016715
2020-03-18,-0.13043778026596653,-0.03803096131944139,-0.0025706940874036244,-0.043636363636363695,-0.012167300380228174,-0.0007391840530865945,-0.03356000323669284
2020-03-17,0.20437671460966378,-0.0835503871889991,-0.009278350515463885,-0.02091254752851701,0.003079291762894565,0.0795276209881306,0.05979696466837736
2020-03-16,-0.04255476028713934,0.03378309409888369,0.008621971160992947,0.003883495145631022,0.023023791250959436,-0.044030296091207455,-0.021971762047521826
2020-03-13,0.2677468329363615,0.047545288206090275,0.027516580692704462,0.01740812379110257,0.032258064516129004,0.12795814634624358,0.12569162278544055
2020-03-12,-0.07631227830388232,0.015022091310751051,-0.00024384296513046966,-0.005703422053231821,-0.015988372093023284,-0.07245131729667809,-0.07236058356353592
2020-03-11,0.08979472003006372,0.027219965177016858,0.022955523672883782,0.019120458891013214,0.022895125553914264,0.11545212664471971,0.11367839918479583
2020-03-10,0.06710474987661419,0.01983162890558776,0.005259467040673371,0.015009380863039379,0.010830324909747224,0.06234596216791943,0.059850927576831525
2020-03-09,-0.08457830011290035,-0.05152354570637119,-0.0052319497732822295,-0.001848428835489746,-0.010714285714285787,-0.049291569086651,-0.04675676008623342
2020-03-06,0.10391395477109766,-0.012266355140186924,0.018934081346423604,-0.014814814814814836,0.012274368231046884,0.10156514616857892,0.06835141908349907
2020-03-05,0.020085979985969837,0.04436132465996456,0.008258774948382674,0.013157894736842035,0.00962910128388006,0.00883446798221632,0.0078525658860229
2020-03-04,0.053089837558459196,0.048405591118988234,0.010238907849829282,0.0,0.0074178735429177856,0.05144261541061823,0.03843217910052221
2020-03-03,-0.022364817598642617,0.030715635970834487,-0.0013513513513514486,0.016697588126159735,-0.007713884992987308,-0.03968793563705464,-0.031577988658313405
2020-03-02,-0.006188686426566448,-0.031110319277708354,-0.0011502029769958622,-0.009124087591241059,-0.009893992932862195,0.025067746029568294,0.02343400530197548
2020-02-28,0.005660417101506443,-0.042725797728501824,-0.01307322359953933,0.0,-0.017844396859386102,-0.033971583265849814,-0.03209334175460332
2020-02-27,-0.0422141784039346,-0.0197740112994349,0.005490734385724005,0.0036832412523020164,0.0,0.01860983906389646,0.01252399424186379
2020-02-26,0.03134337556584477,0.009077809798270886,-0.0006825938566552558,0.016513761467889854,0.01744186046511631,0.038554246367388245,0.0394295190207925
2020-02-21,0.06362681316563057,0.025836758661186066,0.015172413793103523,0.030520646319569078,0.010676156583629748,0.029306586999565898,0.03277600680031889
2020-02-20,-0.008392792093993462,-0.042644533485975855,0.0027173913043476716,0.008710801393728262,0.007042253521126751,0.005024784738609345,0.011186079545454586
2020-02-19,0.017649574524081002,0.028699551569506543,0.0024593495934959186,0.005181347150259086,0.005594405594405494,0.0014283028146606647,0.0007373205912881708
2020-02-18,0.006016425740244857,-0.00029061319383894,-0.0017774713948758292,0.0034364261168384758,0.004867872044506116,0.00035746911863987485,-0.0038126439577104154
2020-02-14,-0.01311019912811584,0.019767441860465196,0.004062288422478133,-0.03767123287671226,-0.01314878892733562,0.005703024046548322,-0.00336430123695608
2020-02-13,0.015233235889525298,-0.03762827822120862,0.003371544167228624,0.003558718861209842,0.007012622720897532,0.0012992326631398043,0.0026161879010315747
2020-02-12,-0.011516032662110653,-0.032286729857819774,-0.0040322580645161255,0.007092198581560183,0.004874651810584885,0.005664520815710228,0.0001230073132285625
2020-02-11,-0.002823421499566492,0.0,-0.006072874493927127,-0.010563380281690127,-0.005544005544005581,-0.009269280805032754,-0.010547742100182389
2020-02-10,-0.02708709118739805,-0.00520355065809619,0.0020366598778003286,0.014234875444839812,0.004878048780487809,-0.0037906087398653643,-0.010389364079677277
2020-02-07,0.011099928905795586,-0.016461538461538416,-0.00203252032520318,0.010526315789473717,0.0034674063800277377,-0.005586572004304569,-0.003008556039859722
2020-02-06,-0.006297187816183603,-0.005161895823556972,0.0020366598778003286,-0.00694444444444442,-0.008293020041465149,0.007292086560844346,0.0043246992323000555
2020-02-05,0.035855673058897475,-0.0015723270440252124,-0.0027100271002709064,0.006993006993007089,0.0055749128919859725,-0.00320384557608544,0.000243561253499891
2020-02-04,-0.005244789365639546,0.0013511811023620979,-0.0006793478260869179,-0.003472222222222099,0.0020790020790022457,-0.01643119189736919,-0.005921622541815497
2020-02-03,0.015465949405244928,0.0017959984776476645,-0.00679809653297081,-0.005226480836237002,-0.007607192254495243,-0.018521015407621633,-0.016014688476829297
2020-01-31,-0.005712057499973722,0.03653689167974883,-0.002053388090349051,0.0017513134851137035,0.004878048780487809,0.00037091617544193767,-0.006756164328033942
2020-01-30,0.030462663628173292,-0.00889630668480057,0.006172839506172867,0.00874125874125875,-0.0020804438280166426,0.023671158040341256,0.006183745974909227
2020-01-29,0.013512447841128372,0.008557457212714059,0.015678254942058656,0.0034662045060658286,0.012508686587908269,-0.0010841754290967787,-0.0032046915732351078
2020-01-28,-0.005499022320854641,0.032893939393939586,0.003355704697986406,0.012089810017271274,0.0013726835964309458,-0.00530467385107114,0.0052406756751974815
2020-01-27,-0.01323933361113705,0.008531486995936532,-0.0013377926421404007,0.008532423208191142,-0.006854009595613442,-0.00642410376756386,-0.008024843179191277
2020-01-24,0.02190943548428792,0.042552572557255974,0.007367716008037428,0.0,0.01104209799861966,0.01927462292003823,0.013446418797664172
2020-01-23,0.01163151574032839,0.015237547817885888,0.007313829787234161,0.011844331641285955,0.015017064846416295,0.004668451472707336,0.013234311963705947
2020-01-22,-0.016756479171946448,-0.010586722073810173,0.004620462046204699,-0.0033444816053512794,-0.00672494956287828,-0.010721803694969112,-0.0019281829596830002
2020-01-21,-0.015037695983504018,-0.0014111111111111407,0.001971090670170872,0.008389261744966348,0.0,0.005298282966111678,0.0012853420373060143
2020-01-17,-0.004707728520988663,0.012539917439052806,0.011803278688524488,-0.016638935108153063,0.003385240352065111,0.011139925911729742,0.0031629826433596797
2020-01-16,-0.025495707014447033,0.0019230769230769162,-0.0025923525599480524,-0.008460236886632777,-0.02564102564102566,-0.00011756153386610624,-0.002166347760859
2020-01-15,-0.007973508396452611,0.015533315053468444,0.004476933073424227,0.013651877133105783,0.024930747922437657,-0.009834338722603864,-0.006749775144229364
2020-01-14,0.006638905582176058,0.007384607076802663,0.013655564108701057,-0.005050505050505083,0.004054054054053902,-0.0015557771555207989,0.0009711789390673964
2020-01-13,0.012843316122033599,0.0002680246582684731,-0.00255264837268665,-0.008460236886632777,-0.0006729475100941684,-0.00012014169438623323,-0.0019647943936476064
2020-01-10,-0.021245372841601218,0.027599142550911004,0.006397952655150307,0.005119453924914641,-0.004713804713804781,-0.00814998397918254,-0.004072659482760477
2020-01-09,-0.003153212368408931,-0.009126466753585416,-0.005085823267641398,0.0,-0.007442489851150147,0.007129108323044253,0.0054381451407119474
2020-01-08,0.007728867686133567,0.012894736842105292,0.00449201277955269,-0.015280135823429464,0.0027266530334015826,-0.004199071975933166,-0.004500033462344399
2020-01-07,-0.006447619721298814,0.03559366069108849,-0.003199684484392784,-0.0034482758620688614,-0.002719238613188346,-0.0033736668525334856,-0.003651223469806064
2020-01-06,0.0005250661227338416,-0.004014049172102241,0.002552648372686761,0.0017301038062282892,0.0006816632583503957,0.002055537463669932,0.0013959143436113042
2020-01-03,0.0008770228897638788,0.030982367758186413,-0.0031826861871420142,0.003454231433505983,0.0034059945504087974,-0.00036286021818043857,-0.001742241839093217
2020-01-02,0.0070047029799760185,0.009528463229904638,0.013090676883780406,0.008605851979346157,0.011541072640868899,0.0019310681984845424,0.0058477045940552586
2019-12-30,-0.022781226447897263,0.017489218974604537,-0.0012634238787112562,-0.008547008547008517,0.0013513513513512265,0.0006139910411995242,0.0001315779051214161
2019-12-27,-0.001605690175849328,0.005886508123381207,-0.007590132827324569,0.0034482758620690834,0.004048582995951344,0.004660487463139518,0.006089627525116326
2019-12-26,0.01372911190429238,-0.036680711610486916,0.004461440407903083,-0.010309278350515538,-0.0026881720430108613,0.0008555694853475959,0.0010452396332127911
2019-12-23,-0.014879826396076878,-0.028905876731963764,-0.003821656050955302,-0.0017605633802816323,0.0003376097231599928,0.004035248683498693,-0.002033670253070552
2019-12-20,-0.006952671833164836,0.0373923739237394,-0.004475703324808178,0.005291005291005346,0.0003374957813027102,-0.008158916353842471,0.003030912662067786
2019-12-19,-0.001256886424167214,-0.02774484230495622,-0.0006422607578676631,0.0017543859649122862,-0.004723346828609976,-0.004558136759022946,-0.004379563970136058
2019-12-18,-0.00970426911127309,0.044634146341463454,0.0045501285347044895,0.003782837127845884,0.0,-0.0027004409138032814,-0.006993859664236379
2019-12-17,-0.017426011383715245,0.0054984823721691,0.0012283440386928746,0.008444413427315167,0.006779661016949046,0.004184367673286005,0.002206674656964225
2019-12-16,0.005728980909654124,0.05536914699701634,-0.006900958466453666,-0.00865051903114189,-0.004713804713804781,0.0009815549976364135,-0.005163169656134836
2019-12-13,-0.003673135715645648,-0.07920792079207928,-0.012353622442414114,-0.02532286212914492,-0.012855209742895779,0.0004896732521280089,-0.0037183380149081735
2019-12-12,-0.00368480407033156,0.06475507765830346,-0.008078175895765427,-0.006248992819925192,-0.008910212474297352,0.0026925074317938336,8.68894560093203e-05
2019-12-11,-0.011287080682978345,-0.020421903052064705,-0.005648233285170168,-0.018018018018017945,-0.015214384508990375,-0.008788631912073908,-0.008847623466355148
2019-12-10,-0.013659944774495836,-0.010080183276059529,0.007265521796565366,0.010091743119265972,0.00983146067415741,-0.0062802689037723125,-0.002552458927506329
2019-12-09,0.0036035098069835403,-0.03725989354316128,-0.0019672131147540073,-0.0027247956403269047,-0.0013908205841447474,0.0012395292562952243,0.004897370839828108
2019-12-06,0.023818031621616553,-0.03774038461538465,-0.007884362680683377,0.0036429872495444826,0.0018802228412257982,0.0038361464234166753,0.0014781442910452025
2019-12-05,-0.021789059685360934,0.004746440169872468,-0.0066225165562913135,-0.001814882032667886,-0.0010287064711198557,-0.011958769094887245,-0.006883324233289412
2019-12-04,-0.0015077227631609125,-0.02516658378915959,-0.004666666666666708,0.0072727272727273196,0.005413228315776175,-0.0002488762475558737,0.0005851401594245687
2019-12-03,-0.004914222042917804,0.019440009385887524,-0.00606831882116543,-0.0027075812274367506,0.005702422145328789,-0.003869972972423752,-0.0025231020112338465
2019-12-02,-0.004560092051307696,-0.02251688766574933,0.0020620779815896384,0.01900452488687776,0.001211086950538176,0.011026435138729473,0.009248284537449525
2019-11-29,-0.011450514924070565,-0.013821346301510107,0.0020174848688636615,0.006749555950266384,-0.0020618556701031965,0.016731299144329137,0.007774045567957133
2019-11-27,-0.011782211647939245,-0.01725927848429798,0.006040268456375841,-0.02434721242060689,-0.01308539944903575,0.004631536122012614,0.006339767608828595
2019-11-26,-0.0029359766393198816,-0.006734451340287939,0.0026684456304202353,0.005424954792043302,0.008374040474528943,0.0009704350660413308,-0.007753771178563462
2019-11-25,0.00568602918323613,0.01834618452539205,0.008982035928143617,0.003597122302158251,0.006920415224913601,-0.002908482704518822,-0.005594271137254414
2019-11-22,0.0001961227133875365,-0.028757180156657958,0.001074843389383462,-0.02240143369175629,-0.0068728522336770626,-0.0071724226657463586,-0.005223743684472759
2019-11-21,-0.004874377333452196,-0.006683047211454074,0.0045253041570880725,-0.012832263978001857,0.0034602076124568004,-0.0051434381292237985,-0.003994544962249158
2019-11-19,-0.009400426731207223,-0.042134831460674205,0.001304631441617632,-0.005504587155963359,0.009688581314879041,0.007997566175853565,0.003733684667880599
2019-11-18,0.009686538704965386,0.03255131964809377,-0.0013029315960911836,-0.009225092250922495,-0.010281014393420218,0.0008545193266686901,0.005244095540216875
2019-11-14,0.012337768296711404,0.008762683201803956,-0.0019379844961241455,0.009363295880149725,0.009608785175017287,-0.007289226261489867,0.0012101952517553638
2019-11-13,-0.04661485054705716,-2.5146056679248296e-05,0.0012944983818770073,0.005565862708719838,-0.003399048266485405,-0.00318194102138436,-0.005013917780945842
2019-11-12,0.004463843895358588,-0.01732327465772554,0.0009696186166774368,0.01845018450184499,0.007503410641200414,0.004174089908472345,-0.0027368645229404187
2019-11-11,0.02100691130255572,0.005117998294000614,-0.0009686793671294103,-0.021739130434782483,-0.007447528774542911,0.00012192770184937807,0.00039847968866801864
2019-11-08,-0.0322492445824043,0.021499292786421487,0.01387201034259844,0.0037037037037035425,0.006139154160982319,-0.0004888953577333321,-0.00018031177131572207
2019-11-07,0.025963611887835913,0.0069232899473830045,0.005444831235734471,0.007380073800737907,-0.004745762711864443,-0.0013454310108780287,-0.0023908110723216414
2019-11-06,0.003984902726256623,-0.012651265126512712,-0.007076727964489438,0.009157509157509125,0.01089918256130784,-0.003429800630375346,0.0014922029323130026
2019-11-05,-0.017265928782329465,-0.01949860724233976,0.006328871404485792,-0.001814882032667886,0.0074123989218328745,-0.0006140362944222488,0.0009480034864703946
2019-11-04,0.03089656474528546,-0.018750000000000155,0.0033317467872442386,-0.009090909090909038,0.0026755852842810235,-0.0020897569374924707,-0.0023003083430692683
2019-11-01,0.012143508398928082,0.0014475969889984341,-0.0015812776723592714,0.007339449541284404,0.007424949966644334,-0.011461303679404566,-0.0014013968438977287
2019-10-31,-0.017802000684465358,-0.017924255565192393,-0.004117833386126035,-0.010928961748634003,0.003224887923556352,-0.021316054525665873,-0.00470842592584142
2019-10-30,-0.009263579474342976,-0.02692964380335594,-0.0012722646310433516,0.0018416206261511192,0.0006600660066007347,0.010826651735141857,0.0036390705344770957
2019-10-29,-0.0013885828975904735,-0.006812846390280569,0.00024203821656043623,0.003676470588235281,-0.00593667546174137,-0.0035274883795479717,-0.0034442167875672336
2019-10-28,-0.0031898830511148946,0.017971367651538284,0.0029419630917357775,0.00366300366300365,-0.002654280026542888,-0.0032890503960758544,0.006685069385762299
2019-10-25,0.00899314904383064,-0.01376421304608022,0.0,0.007299270072992581,0.009980039920159722,-0.002789942264591283,-0.004653386831206419
2019-10-24,-0.024360303069941414,-0.02980279126213603,0.01206349206349211,-0.0018115942028985588,-0.0006587615283267789,-0.006235054835080467,-0.005236451664068054
2019-10-23,0.03694230729564163,0.016020539313334137,-0.0022145545796737887,0.005444646098003769,0.005273566249176076,-0.0014083020775388366,-0.0006212421626763387
2019-10-22,0.016050684277530314,0.012003693444136765,-0.000924255094406079,-0.0036101083032491488,-0.0006557377049180024,0.00012915682769953918,0.00232834758587952
2019-10-21,0.0034652273247857135,-0.02828467153284686,0.0,0.010869565217391353,-0.0019685039370078705,-0.00782015342893172,0.005237621886635679
2019-10-18,-0.015165083434297233,-0.0040688575899843205,0.0025173064820640523,0.008960573476702427,0.00591715976331364,-0.005942567452084879,-0.0026731586668887752
2019-10-17,0.009164279516468365,-0.03275612822124452,-0.0037664783427495685,-0.01243339253996456,0.00588235294117645,0.008707911979198402,0.005361104743550449
2019-10-16,0.0011562350317622094,0.010871507617528309,-0.001890359168241873,-0.01978417266187038,-0.005847953216374213,-0.004897217436454104,-0.005061271375349619
2019-10-15,-0.010225470146137061,0.010069972326057552,0.0063131313131312705,-0.006422018348623881,0.0006535947712418277,0.0005191430713504808,-0.0032701279370657144
2019-10-14,-0.011109658350271223,0.005921923527315354,0.0037641154328733606,0.008310249307479145,0.004572175048987548,-0.00802410523917585,-0.007200078568006196
2019-10-11,-0.00867426048423603,-0.016819721811860866,-0.0050000000000000044,-0.005494505494505586,0.0032509752925877766,0.0019568692216600514,0.0011935386201269438
2019-10-10,-0.03380431971029496,0.0038610038610038533,-0.00816582914572872,-0.029465930018416242,-0.03046014257939067,-0.01849035003802746,-0.010223477847746132
2019-10-09,0.006996151593742228,0.015349358974358962,-0.0006333122229258414,0.020872865275142427,0.026069518716577367,-0.009020428936110436,-0.006345410900691184
2019-10-08,-0.010422356765289353,0.004138401270246117,-0.003168567807350975,-0.0037174721189590088,0.001954397394136942,-0.008433674213063735,-0.006572304029150877
2019-10-07,-0.00041137839046101465,0.012574662055957253,-0.0031786395422759295,-0.01679104477611959,-0.014954486345903795,0.015660333292118356,0.010538472916157726
2019-10-04,0.011569529512798882,0.014902204284383602,-0.0025510204081632404,0.0,-0.0033003300330033403,0.005052151459037146,0.0010718033418566364
2019-10-03,-0.0036781723717776993,0.037320281431630464,-0.0038363171355498826,-0.003795066413662118,0.004635761589403931,-0.010315952109218651,-0.011766469974924587
2019-10-02,-0.005533460141794899,-0.016366853435564765,0.0038510911424904926,-0.0019047619047618536,-0.0019775873434410007,-0.0065491821001715245,-0.0018307252706735166
2019-10-01,0.04081636928517418,0.005246589716684236,0.0019181585677749968,0.01526717557251911,0.010568031704095038,0.01923637622973584,0.014811889290148761
2019-09-30,-0.0003985378892790159,-0.002982403817476942,-0.010210593490746711,-0.00375939849624074,-0.007843137254902044,0.02454753987397207,0.007274517489827215
2019-09-27,-0.005744858221006899,-0.0014956625785221833,-0.01869761444229523,-0.016037735849056545,-0.025691699604743157,-0.0014170098862984482,-0.007405900908434182
2019-09-26,-0.0021913258331391905,0.004194128220491367,0.0045992115637318864,-0.0019175455417065335,0.0,0.0039997742168804695,0.0039854137311248206
2019-09-25,-0.011983364556926057,0.0020883054892602004,-0.002616088947024142,-0.015926993275696577,0.0027045300878973944,-0.001413367501699625,0.008031697241692948
2019-09-24,-0.0009840194420877024,-0.022625781482584206,0.0052459016393442415,0.009351633119228486,0.0020229265003370855,-0.0064339667355801655,-0.00681845747445442
2019-09-23,-0.001009664815957323,0.0003045994517212325,-0.0034833659491193547,0.0,-0.006729475100942128,0.005698133347389778,0.009553797048097223
2019-09-20,0.013145083767488908,-0.0073081607795372205,-0.006323396567299078,0.005802707930367523,-0.00203252032520318,0.001931420170368403,-0.0014115738013005252
2019-09-19,0.011178496327675091,0.004907975460122671,0.011857707509881354,0.0019230769230769162,0.005431093007467691,0.006333674669094069,0.010882962553544262
2019-09-18,-0.018951289640082192,0.019536019536019467,-0.003906249999999889,0.0057581573896352545,-0.0013504388926401933,0.005081314020008332,0.006016235269245218
2019-09-17,-0.005431476759546583,0.0,0.005228758169934622,-0.007633587786259555,-0.005409060175794345,0.0015166874408452102,0.00121063511013908
2019-09-16,-0.014768962115923712,0.029940119760478945,0.0058517555266579535,0.0038461538461538325,0.01903467029231809,0.0005047968612219567,-0.005598467387886941
2019-09-13,0.0020524996812565366,-0.011046511627906819,-0.0019392372333549845,-0.007662835249042099,-0.01334222815210151,0.0008826262000620755,0.010944719590179286
2019-09-12,0.030941360760747827,0.007348618459729561,-0.0019430051813471572,0.0,-0.0013522650439485862,-0.0054187230224176375,-0.0004900354949494146
2019-09-11,0.014316438613919402,-0.0035016049022470463,-0.0304996755353667,-0.01158301158301156,-0.01760324983073802,-0.000633878676398969,-0.0034323804395735014
2019-09-10,-0.030965446120642337,-0.012884333821376215,0.007362784471218298,0.009765625,0.006891798759476098,-0.009254791478587654,-0.0022809256519430443
2019-09-09,0.0008110183220153555,-0.026994956986057694,-0.0146179401993356,-0.01934235976789156,-0.021218343600273748,-0.009087255193324983,0.0032723182792504524
2019-09-06,0.009699652202886488,-0.02286585365853655,-0.003371544167228624,-0.017751479289940808,0.0013986013986013734,-0.0029701034251317093,-0.003261645138244229
2019-09-05,0.005599701783797206,-0.014352574102964089,0.004059539918809252,0.008032128514056103,0.010474860335195624,-0.002072544352979322,-0.0026900294585618933
2019-09-04,0.005376082711457952,0.015827793605571516,0.014150943396226578,-0.01195219123505964,-0.0027643400138217533,-0.01765321406945486,-0.013125940656092738
2019-09-03,-0.015244135863411223,-0.012464942349641683,-0.0053156146179401675,-0.012096774193548265,0.00554400554400547,-0.01255255011692824,-0.011159447092802366
2019-08-30,0.004167391225225137,0.010728936573051406,-0.0006680026720107257,0.012244897959183598,0.016540317022742945,0.013782642740977291,0.006863256408598195
2019-08-29,-0.007317539744067347,-0.0124882922260382,0.0,0.01814516129032251,0.0030508474576271816,-0.004091542525035297,0.0032941050352350842
2019-08-28,-0.03128923832764341,0.017072399620613465,-0.002673796791443861,0.005940594059405946,0.00033795201081443516,-0.016832040264561532,-0.013132697584578357
2019-08-27,-0.024066287513925144,0.004041032017407353,-0.007372654155495928,0.0019685039370078705,-0.010810810810810811,-0.01213336496080586,-0.009934277059319596
2019-08-26,-0.008219918766346979,0.0006191950464398133,0.007427413909520508,0.0009823182711197198,0.007513661202185773,0.005186302020075084,0.00029036114138314417
2019-08-23,0.021253396562765037,-0.023205445544554504,-0.010053619302949124,0.004906771344455496,-0.003389830508474634,-0.007331689871879488,-0.009528243561131466
2019-08-22,0.021018692697476693,0.01583782071586959,0.012186865267433955,-0.013671875,0.007482993197279075,0.027489485775366473,0.02463589946581468
2019-08-21,0.02181012411354888,-0.0030339881509199307,0.006020066889632192,-0.003960396039603853,0.0013504388926399713,-0.00146379191551127,-0.00156291063550007
2019-08-20,-0.016558711852017294,-0.008529151432315696,-0.0033244680851063357,0.0,-0.0020229265003370855,-0.0061323925876733965,-0.01141696910396095
2019-08-19,0.0020316516460714418,-0.005886435331230233,-0.004669779853235467,0.010934393638170947,0.008108108108108025,0.005901303747691378,0.0020002276834898414
2019-08-16,0.003239106649441048,0.012585122519309211,0.015415549597855183,0.004916420845624492,0.012064343163538771,-0.009332676781385829,-0.01026474054112414
2019-08-15,-0.02683557510818646,0.017188968975242913,-0.00990099009900991,0.0,-0.018543046357615833,-0.01897750319779823,-0.012735835184090605
2019-08-14,0.005594892629135151,0.005157354776098799,0.006666666666666599,0.009784735812133016,0.0,0.0010975469404828075,-0.003091822070564687
2019-08-13,0.03608156549333019,0.006868776033764679,0.013907284768212014,-0.005813953488372103,0.013495276653171295,0.03151917900403767,0.03011043626033927
2019-08-12,-0.008953385676203407,-0.02017047184170484,-0.012410189418680662,0.0,0.015312916111850816,-0.011823116714372306,-0.01334136825404697
2019-08-09,0.013252992347439374,0.039847890789563634,0.014550264550264647,0.050682261208576884,0.05836065573770499,0.013982282140612146,0.013709549691723666
2019-08-08,0.0011901591989218474,-0.003958769046907729,-0.00782268578878742,-0.0037105751391465214,0.0,0.008485830047380238,0.0062991963916916305
2019-08-07,-0.009304443486285008,0.0009748781402323381,-0.019710906701708275,-0.012104283054003795,-0.00619578686493194,-0.016698386652050812,-0.01859428160760579
2019-08-06,0.006994045197924015,-0.008690440515432996,0.0,-0.012252591894439169,-0.008104738154613433,0.0005348325057792369,0.0012661051847788762
2019-08-05,-0.035119147397822514,-0.013905683192261264,0.0,0.016221374045801484,0.00942803268384651,-0.014833326725553486,-0.013489463884284403
2019-08-02,0.022000862368499297,0.033721643163703297,0.004021447721179738,-0.005633802816901401,-0.011207970112079524,0.02848693678003822,0.027537730949664718
2019-08-01,-0.017703501172519065,-0.006820877817318993,-0.004005340453938633,-0.01227573182247399,-0.013224181360201537,0.006461675879963158,0.00655456012111344
2019-07-31,-0.027859497394817967,0.0101522842639592,0.01608579088471851,0.015296367112810572,0.01212507977026167,0.01978877317918082,0.009554772100510478
2019-07-30,0.023178104873042615,0.0053207212533255,0.01253298153034299,0.018832391713747842,0.019546027742749272,0.011308169304407034,0.013095677668597538
2019-07-29,-0.002469260018529984,0.017347838870920507,0.011074918566775338,0.009242144177449063,0.01298701298701288,-0.004320861676530785,0.005431217647173581
2019-07-26,-0.022091332414349574,-0.010066473988439406,-0.008376288659793785,-0.0073260073260073,-0.004884004884004756,0.0017872832641614433,0.004731885377910583
2019-07-25,-0.02681063658340055,0.00900101308840151,0.0,0.008302583025830312,0.006134969325153339,0.0021646319213486365,-0.007642161937546077
2019-07-24,0.013448944353916303,0.004050925925926041,0.010396361273554255,-0.0045745654162853144,0.0024390243902441266,0.0020338180773138426,0.002417928576370354
2019-07-23,-0.0036384314221036274,0.013544668587896158,-0.005787781350482302,-0.01194852941176483,0.0024330900243307862,-0.004312442493196511,-0.007057197403037896
2019-07-22,0.021481722823674554,0.024344611885129375,-0.0006468305304011546,0.0009302325581395099,-0.007888349514563076,-0.012486347130877262,-0.00382354277406749
2019-07-19,-0.008412841463962817,0.020704376259500057,0.016181229773462702,0.027881040892193454,0.017737003058103884,-0.0007734360357839476,0.0015802550663934767
2019-07-18,0.030754749974633677,0.00701346945102399,-0.01974522292993619,-0.018083182640144746,-0.011418269230769273,-0.005423526428133707,0.009107305560779322
2019-07-17,-0.007202712693655355,-0.005671077504725952,-0.0006497725795970855,0.0202578268876612,0.01641337386018238,-0.001816815101877034,0.004959050605780169
2019-07-16,-0.005385848698367113,-0.011678435632808237,0.004551365409622754,0.0072202166064982976,-0.0005980861244018199,0.02184944611348083,0.008357804179351058
2019-07-15,-0.003128532855958155,0.036823303105248506,0.016181229773462702,0.006236559139784825,0.00957510472770795,-0.006364417593291982,0.0001322495696323145
2019-07-12,-0.006272447190590502,-0.03260005300821622,0.012420382165605037,0.02229821186863301,0.022525192649673897,0.004098897700528958,-0.0012786886851633428
2019-07-11,0.01914594770514122,0.0035616438356165236,-0.011638880150990794,-0.0034843205574913716,-0.020289855072463836,-0.01722130869417704,-0.00851871384316627
2019-07-10,0.008050656952095281,-0.0062790062790063494,-0.0063653723742840285,-0.027972027972028024,-0.015384615384615219,-0.006749758320673815,-0.004184670446523708
2019-07-08,-0.015766394758012447,-0.010787486515641764,-0.009038089089735357,0.014440433212996373,0.012084592145015005,0.0022154317290903336,-0.002154559736664896
2019-07-05,0.008942240705723359,0.03189749182115609,-0.005211726384364845,0.006227758007117501,0.0011940298507462366,0.008325769694517815,0.00242911337361873
2019-07-03,-0.012368309301625802,0.03249669749009243,0.014407334643091074,0.0026525198938991412,-0.0005963029218841731,0.004000485707271517,-0.0016716912592938948
2019-07-02,-0.008279658874597362,-0.03428863868986687,-0.008392511297611427,-0.01940035273368612,-0.026252983293556187,-0.005526568676555099,-0.00794565715352058
2019-07-01,-0.006202763029179326,0.005829358770535142,0.0078125,0.01618705035971235,-0.013480392156862697,0.0012928214042580155,-0.0052110769940517665
2019-06-28,0.015716597024610923,-0.009747102212855574,0.016208010335917233,0.014159292035398341,0.02111801242236022,-0.0009030144046641153,-0.008244942088494689
2019-06-27,-0.006360738251412146,-0.026602819898909336,-0.012771042979104918,0.03315881326352521,0.027980535279805263,-0.01046276389804679,-0.004133780281993404
2019-06-26,-0.0046919394218488675,-0.0049193768789288495,0.004507405022537103,0.0033783783783785104,0.00591715976331364,-0.0009133871305889718,-0.0060878270011826
2019-06-25,-0.010456041413868133,-0.0008239494644326495,0.009615384615384581,-0.010101010101010166,0.00588235294117645,-0.0024833695769851394,0.0007887802916470843
2019-06-24,0.02531025797672326,-0.026113249037932995,0.0069841269841268705,0.005102040816326481,0.0011695906432749315,0.007597287486986071,0.007233450893691318
2019-06-21,-0.008862330577836808,-0.0287891617273498,-0.008196721311475308,-0.020304568527918843,-0.005841121495327228,0.0019494966016790904,0.004419279682983612
2019-06-19,0.01851687070961816,-0.033820578962453385,-0.013784461152882233,-0.008635578583765069,-0.013395457192778126,-0.01644683426824267,-0.004829996383146851
2019-06-18,-0.0282121708668851,-0.018095520617027572,0.010165184243964509,0.017421602787456303,0.015938606847697656,0.0007838789390253176,-0.0046298182518547115
2019-06-17,-0.005374281072049625,0.01450151057401805,0.0006289308176099517,0.015410958904109595,0.01162115049389878,-0.01905721187182896,-0.00575697982056933
2019-06-14,-0.008866647560679897,0.0024329958308517696,-0.013199245757385292,-0.003372681281618828,-0.009190120620333198,0.0034591762511826385,-0.0031410011999803977
2019-06-13,-0.001964020392003274,0.016585615105594753,-0.004458598726114538,-0.005076142131979711,-0.011014492753623317,0.0039786461157786945,-0.0010197947176229238
2019-06-12,-0.007650906497587484,0.011691992986557542,-0.00895713371721052,-0.010204081632652962,-0.015240328253223745,-0.005018742247278385,-0.009097323747279895
2019-06-11,-0.002863418315097288,-0.01415651601237422,-0.020658489347966436,-0.01718213058419249,-0.0029761904761904656,-0.0021237417137244252,-0.00037500894853848
2019-06-10,-0.011045119674232051,0.006445941986522152,0.005273566249176076,-0.01573426573426573,-0.016716417910447867,0.008647002459051034,-0.002155569003818858
2019-06-07,-0.009157513328611588,0.02882096069869,-0.008524590163934476,-0.001776198934280604,-0.004857316332726014,-0.0013199459553955295,-0.005822865309820013
2019-06-06,-0.028402195498675953,0.014431239388794426,0.013227513227513255,0.012455516014235002,0.01037217815741287,-0.007923358233765554,-0.013461803244830928
2019-06-05,-0.009978354210283591,-0.035983263598326376,0.0026109660574411553,-0.02811950790861162,-0.01268115942028969,-0.0017302789236982585,-0.004931336374711881
2019-06-04,0.013823277108318432,0.0625,0.009765625,0.025316455696202445,0.024464831804281273,-0.009602222980388375,-0.004378672635414471
2019-06-03,0.014799119453571041,-0.019607843137254832,-0.0019342359767891004,0.01940035273368612,-0.006567164179104412,-0.023293392711632,-0.0226656511954042
2019-05-31,0.0031865403508446466,0.020277777777777617,-0.0006459948320413078,-0.025086505190311525,0.0042067307692308376,-0.006753675002054038,0.009296138103755958
2019-05-30,-0.0020396681892792534,-0.025864416008712143,0.010342598577892659,0.018633540372670954,0.018551765409934085,0.013878708190605549,0.011856543264729735
2019-05-29,-0.019341053979566314,-0.020681945220793807,-0.015355086372360827,-0.04355400696864109,-0.02585193889541726,-0.0038328996413249383,-0.004309199918844042
2019-05-28,-0.0006955040630212128,-0.03681506849315064,-0.01299545159194293,0.023679417122040025,0.00361881785283491,0.004535281866638208,0.008801387983117692
2019-05-24,-0.01395022645516153,-0.029629629629629672,-0.029624753127057257,-0.02313167259786475,-0.030649038461538547,0.009302299430589134,0.003519211243911524
2019-05-23,0.007559969959066715,-0.000610687022900902,-0.00746268656716409,-0.03642987249544627,-0.021698698078115308,-0.00040665408638596023,-0.0009125737789401622
2019-05-22,0.0031518568064805574,-0.014054384356858907,0.008202323991797655,0.001890359168241984,0.00823827629911289,0.015457748588322273,0.013221777927660217
2019-05-21,0.01350769495737314,0.008986674930275829,-0.009491525423728886,0.0037735849056603765,-0.0037712130735386706,0.008278704493879463,0.0053748283594599044
2019-05-20,-0.026665048249074563,-0.03839066339066355,0.010951403148528494,0.013157894736842035,-0.013880126182965191,-0.011654773762675319,-0.007564596446574368
2019-05-17,-0.036204828141796375,-0.00447141488342373,-0.013540961408259888,-0.029684601113172393,-0.010876519513755567,0.0025456853455811945,0.007594337147750485
2019-05-16,0.007613379051562452,0.03144048764837981,0.02264927934111194,0.009560229445506607,-0.0012936610608021981,0.011226681461624644,0.005018043746411127
2019-05-15,0.02544642971797817,-0.002799377916018586,-0.004026845637583931,-0.03409090909090917,-0.018782383419689075,-0.009119292294028192,-0.009580510992275748
2019-05-14,-0.016214388579300132,-0.009357454772301987,-0.003369272237196852,0.00588235294117645,0.0026072607260725356,-0.00133354165638766,-0.007160220676282969
2019-05-13,0.009987245449986304,-0.006615239294710307,-0.02974983096686945,-0.029239766081871288,-0.021034267092399417,-0.010284589721174187,-0.007498515958999974
2019-05-10,0.023484840846533128,0.006358181800893092,0.004878048780487809,-0.0200803212851407,-0.01344989912575656,0.029284397970517295,0.028776561443703663
2019-05-09,-0.007245573722850729,0.004708587266342157,0.00277392510402219,0.01127049180327866,0.002044989775051187,-0.003932435927834099,-0.001730858180885142
2019-05-08,0.02652202064505249,-0.025717868338557937,0.014522821576763434,0.01722391084093222,0.02448979591836742,0.0014471799602093771,0.0031864880386949235
2019-05-07,-0.022753087314821507,-0.005135201225240915,0.006134969325153339,0.003984063745019917,0.011288180610889764,0.0,-0.00014040495246570028
2019-05-06,-0.006308500772797543,0.02247736093143593,0.0,-0.005952380952381042,-0.008535784635587684,0.020636406240081895,0.015228748002967363
2019-05-03,0.008053277056621733,0.005219041594179963,0.009485094850948617,0.0,0.01655629139072845,0.009658351847710689,0.0027146703973786046
2019-05-02,0.0062978324198883495,0.008810572687224738,0.0006711409395971923,0.017964071856287456,-0.0013029315960911836,-0.011989232233053482,-0.012619301632892155
2019-04-30,0.025458096076896863,0.021943573667711602,0.005326231691078487,-0.013972055888223478,-0.015032679738562149,0.006581293693545653,0.007792012694060935
2019-04-29,-0.007036087160396942,-0.0007638036809817228,0.007947019867549754,0.010121457489878471,-0.0038553417385533972,-0.003973799529255695,0.002024942144510211
2019-04-26,-0.006442643845154916,0.009973875751724481,0.006570302233902758,0.018036072144288484,0.0018718483336552794,-0.0023168290122002055,0.0002756761154307785
2019-04-25,-0.008652360848067198,-0.009726443768997006,0.003916449086161844,-0.007874015748031482,-0.012639627659574382,-0.007482232183804616,-0.006795193310492054
2019-04-24,-0.05474492728807134,-0.010911602209944693,-0.0019505851755526882,-0.003968253968254065,-0.0053805076128459195,0.020535276686044046,0.0006930123670654265
2019-04-23,0.008309503784692973,0.017548759484243392,0.005863192182410382,0.01195219123505975,0.014218009478673022,0.002929914968345493,0.0007388259587903789
2019-04-22,0.0,-0.013418725221103878,0.014896373056994872,-0.003937007874015852,0.006008010680907949,-0.008634895782366203,-0.010572830903860853
2019-04-18,-0.021286534098491905,0.004327666151468401,0.0031908104658584513,0.011857707509881577,0.011280690112806857,0.003073148839113138,0.001260932211434307
2019-04-17,-0.05601009067975726,-0.036626654355186195,0.0,0.0078125,0.0019685039370078705,-0.01136533611846624,-0.0001400843619157044
2019-04-16,0.009536561448735048,0.03642172523961662,0.008269720101781175,0.0,-0.0006548788474132206,-0.0012913415087328906,-0.0018175780030134092
2019-04-15,0.00048429348185008436,0.012946979038224393,0.010410094637224088,0.029069767441860295,0.011795543905635641,-0.006078348772835196,-0.004482512059304278
2019-04-12,0.006292767717661629,-0.012784540474741313,-0.004683109584764367,0.005649717514124353,-0.0058290155440414715,0.005595420980221366,-0.0034236625783996555
2019-04-11,0.008183010823220593,0.0018526567591143905,0.0006273525721456341,0.0,0.0,-0.013069757671003601,-0.007436274117516906
2019-04-10,0.01885196571186909,0.03876923076923067,0.008056426332288424,-0.0074906367041198685,0.0032573289902280145,-0.008522298622637203,-0.0018016089702274085
2019-04-09,-0.003509584171482727,-0.0013625592417061405,-0.0011568243306278037,0.0037735849056603765,-0.001948051948052032,0.00026495933213954714,-0.004987646272318513
2019-04-08,0.006349647137986025,-0.007533962152221574,-0.0006164421945340504,0.009398496240601517,-0.0006506180871828082,0.013749784353065841,0.004726113941818655
2019-04-05,0.027790823244102425,0.004184100418409997,6.853582554522397e-05,0.0,0.0026041666666667407,0.004302680364850264,-0.0022968760369846963
2019-04-04,0.0,0.018749999999999822,0.006142881173252679,0.009310986964618184,0.010389610389610393,-0.0028566091608961397,-0.006603296104734979
2019-04-03,-0.018176842790058934,-0.007303534910896858,-0.00617348929082262,-0.0018450184501844769,-0.00449871465295637,-0.006120299886665959,-0.005465650203239303
2019-04-02,0.001619688683214271,-0.03207769276044725,0.0,-0.012939001848428888,-0.0038089089735313664,0.003013025478778797,-0.006025545385042186
2019-04-01,0.012015141651090966,0.003040437823046638,-0.006230529595015688,0.0,-6.480461408853166e-05,0.0003919394695126588,0.001939863257311325
2019-03-29,0.00022826726984570556,0.02819036071536818,-0.01253918495297801,-0.009363295880149725,-0.012961762799740706,-0.020240035958433045,-0.011084117304989483
2019-03-28,-0.034247836494199935,-0.001179245283018826,0.005079365079365017,0.01512287334593565,0.040052527905449775,-0.010662540056421532,-0.003670890089290224
2019-03-27,-0.030497187126572567,-0.009445100354191216,0.0031585596967782514,0.011564245810055773,0.0006313131313131493,-0.007274020879415866,-0.004666925885080109
2019-03-26,0.031703034029658905,0.019964243146602945,0.010390428211586977,-0.002227499493750118,0.006940063091482651,-0.0010862002373187574,0.0019742350338798342
2019-03-25,-0.006859355032699299,-0.009348524685948045,0.006544094733561767,0.0036900369003691758,0.004385964912280826,-0.006656895589056355,-0.003940690219071286
2019-03-22,0.014992066045105945,-0.00589796520200514,-0.006191950464396134,-0.009191176470588314,-0.0024953212726138707,-0.0023242382639317993,-0.0020767470402976995
2019-03-21,0.007438577801451407,0.01038267576386831,0.009968847352024968,0.0,-0.0056285178236397115,0.023165539165353355,0.018484345837636473
2019-03-20,0.02182843909609078,0.0003229594832647731,-0.0061690314620604925,-0.0018738404452689483,-0.010320754716981129,-0.009512350913515877,-0.011611202739765125
2019-03-19,0.00999935321130585,0.017580933932083154,0.003724394785847407,-0.0111340359486235,-0.0010612675474551692,0.006899101337847435,-0.003173951474915837
2019-03-18,0.003153256999410825,0.004614940871070061,-0.0049474335188621765,0.001879699248120259,0.0019593872461702855,0.0036274393425335116,-0.0004078792677367771
2019-03-15,-0.013239841581529133,0.004880849842090251,0.00373523927905528,0.0037523452157597337,-4.444444444440254e-05,-0.009638209559541533,-0.005756144688204956
2019-03-14,0.0047769876512540055,-0.003714285714285781,-0.0031021479743157387,-0.013084112149532645,-0.004933552602337854,0.003525908973500913,-0.006052513120735958
2019-03-13,0.0036185040769336485,0.0008603383997705105,-0.0008260869565217543,-0.009469696969696906,-0.005768396334771109,0.003347462142126778,0.0015974853142166623
2019-03-12,0.01780916479122996,-0.012131805157593156,-0.003835466565548007,0.011472275334607929,-0.001360614073370514,-0.00867519198517086,-0.005232425375924277
2019-03-11,0.010634676913069407,0.01837188121798561,-0.005304212168486644,-0.04914933837429103,-0.010282776349614386,0.008346248987848748,-0.002053802098595625
2019-03-08,-0.038795544412428606,-0.0019367701509540591,0.004391468005018995,0.01988071570576544,0.00454545454545463,-0.008411002186915817,-0.01385403567555421
2019-03-07,-0.02393496914044868,-0.011757319787683351,0.0074953154278574186,-0.0019493177387913674,0.0012928248222365823,0.0020204016035199057,0.0037156227486938587
2019-03-06,0.015885256014805726,0.021079988449321352,-6.199628022285353e-06,0.025390625,0.017430600387346562,0.006046206123693221,0.014199748684294411
2019-03-01,-0.0036828025944520837,0.03100000000000014,-0.008541793776693174,0.005649717514124353,-0.006931316950220534,0.0044695803621039865,0.003593171254427485
2019-02-28,-0.001148069430615184,-0.020568674805944265,0.0005169230769230815,0.005617977528090012,-0.006979695431472033,-0.0009169882211645941,-0.005519177225176697
2019-02-27,0.017793173102718995,0.01470412975500679,0.00686414407321756,0.014897579143389184,0.007028753993610248,0.003405988095286361,0.0018604123018368668
2019-02-26,0.007938661436246441,-0.02852348993288578,-0.0006108735491754391,0.0018348623853210455,0.005710659898477077,-0.003916542433706871,0.0018362122922497282
2019-02-25,-0.00022818230997423417,0.02694300518134707,0.006723716381417999,0.004780219780219808,0.011356466876971671,0.002752223992025238,-0.0006813200133334307
2019-02-22,0.006993204256956043,0.005583585603767149,0.0012143290831814202,0.03534386905087383,0.010605115408608645,-0.003919799444582539,0.0035211214218315856
2019-02-21,-0.031323454136605866,-0.007392293283382423,0.0,0.0017605633802817433,-0.0024506172839505735,-0.006561871984508638,-0.006058628181535242
2019-02-20,0.0023056073316736203,0.01843864083122715,-0.008483929654335753,-0.012302284710017597,-0.009306757919098074,0.004094987326014099,0.0009495492427926688
2019-02-19,0.02765085743362694,0.002023900779229537,-0.0024525843878632214,0.016014234875444844,-0.004366048507485898,-0.004736250395933617,0.002372633567576443
2019-02-15,-0.0020404749958188306,-0.005022014309301159,0.008920907418761725,0.024518388791593626,0.010664993726474226,0.00039747636654685614,-0.005455200141000871
2019-02-14,0.01155367391876072,-0.000760561432621043,-0.002765032967700809,0.010256410256410442,0.0018621973929238145,-0.01321254488606105,-0.007663023967071081
2019-02-13,-0.02597349632828061,0.015776363133130467,0.010359536867763364,0.020304568527918843,0.00867410161090465,0.0046863779570047726,-9.21076062461168e-05
2019-02-12,0.026666108396814936,0.01089918256130784,0.0024125452352232735,-0.004975124378109541,-0.0036855036855037993,-0.005864044510549116,-0.0037946711864962346
2019-02-11,-0.037168353626986006,-0.0034797843665768102,-0.013838748495788256,0.0,-0.00924784217016017,-0.015281314156999515,-0.0130219182684429
2019-02-08,0.011627014276978098,0.02242574565401423,0.01220256253813301,-0.0016666666666665941,0.0,-0.005309278858125377,0.0014891021250282854
2019-02-07,-0.0034464440391170914,0.014814814814814836,-0.003013863773357439,-0.0016694490818029983,0.0062227753578096845,-0.0015048291721883045,0.004100505521130504
2019-02-06,-0.003229906306457808,0.01276068821689269,0.007557436517533267,0.017040133779264055,0.008738404452689919,0.006852759163334499,0.004747823935595807
2019-02-05,0.05229908373859948,-0.004862353440842182,-0.0006660666066605758,0.0029760436705634774,0.0008399085296695308,-0.00027151320074669805,0.004582694558462386
2019-02-04,0.011656377209979807,0.011882898868615488,-0.001435099286053232,8.196721311493071e-05,-0.0027565084226645054,-0.008578207188470133,-0.007596486765888311
2019-02-01,-0.0073893698000960795,-0.021983640081799538,-0.0018039687312084718,-0.001721170395869276,-0.002457002457002644,-0.012772836821651534,-0.007695455686927755
2019-01-31,-0.003507783439871459,0.023000522739153206,-0.0014578313253011954,-0.006486042692939176,-0.0030788177339899914,-0.0015311777992158548,0.012672326931037814
2019-01-30,-0.001751309103554921,-0.0366581502299439,0.004476405362033642,0.001570118172051771,0.009882643607164843,-0.004319791267685891,-0.014086194511248484
2019-01-29,0.0037418452585331607,0.009277234970242798,-0.0018018018018016724,-0.0066006600660065695,-0.0055045871559632475,-0.015393114459173018,-0.014198264581215536
2019-01-28,-0.007023825575414366,-0.0055209565103139235,0.004211793020457266,0.013289036544850585,0.002460024600245969,-0.013643560691739776,0.006627078435065492
2019-01-24,-0.0183337901483851,-0.0027947154471544833,-0.005698860227954516,0.0016393442622952836,-0.0042918454935622075,-0.012558478410921059,-0.008049998195067687
2019-01-23,-0.028130843515458914,-0.025222929936305816,-0.0015082956259425684,0.00654664484451728,0.0024630541871923928,-0.005058901022086282,-0.0032251395274998096
2019-01-22,-0.018283747311601206,-0.006795608991113422,-0.0024169184290029344,-0.004878048780487809,-0.0018427518427519551,-0.0014531785277860365,-0.004175293543083991
2019-01-18,0.019759570711148644,0.020263157894736983,0.0030284675953966556,-0.014705882352941124,0.006153846153846176,0.021094236256648635,0.018500177467380974
2019-01-17,-0.013678430965330057,-0.02384059840082542,-0.004227053140096637,0.004975124378109319,-0.003669724770642313,-0.018663435361879976,-0.007152344414337097
2019-01-16,-0.03583498273393415,0.00011361924868613649,-0.014554275318374721,-0.008250825082508184,-0.009821976672805377,-0.01683988159270733,-0.0055975795840987885
2019-01-15,-0.021582164276686244,-0.015323645970937827,-0.003076923076923088,-0.0016638935108153063,-0.004959702417854817,-0.0010346579905964326,-0.00010462401142197209
2019-01-14,0.0036717213286274752,0.014757177354440598,0.009876543209876631,0.006666666666666599,0.01669781931464187,0.0031041335999546504,-0.01151882927221104
2019-01-11,0.018563871337193616,0.014013749338974035,0.005501222493887514,0.0066225165562914245,-0.0029415369530580993,0.00014772105999782958,0.006960185961370602
2019-01-10,0.022772366399296917,-0.00147848761408087,-0.0036474164133737386,-0.009868421052631637,-0.004302397049784856,0.0010308493467732216,0.0003668672667858086
2019-01-09,-0.0014009227411120317,0.010751228021611992,0.020134228187919323,0.011627906976744207,0.012345679012345734,-0.01339332569738838,0.0003141906988939347
2019-01-08,-0.02112883055249748,0.0034879214571761352,-0.00897129186602863,0.0,-0.004268292682926833,-0.006714337693412897,-0.0031398590193750797
2019-01-07,-0.031177573767269706,-0.022914521112255448,0.006638503319251532,-0.0049261083743842304,0.004286589099816274,-0.013516345185228928,-0.010236949672145168
2019-01-04,0.023513665821358165,-0.015019762845849827,-0.0023980815347721673,0.0,0.0,-0.008070188136556022,-0.017980303778245887
2019-01-03,0.03990694985478105,0.007755484216158237,-0.01081730769230771,-0.004950495049504844,-0.009146341463414531,-0.03653120142127475,-0.03354052027998988
2019-01-02,0.012791833557914023,-0.02760559491795822,-0.00486026731470246,-0.008291873963515717,-0.007999999999999896,0.03138510676830375,0.01777153777684104
2018-12-28,-0.026405418050933993,-0.006675567423230944,0.0012360939431397266,0.016863406408094583,0.002803738317756821,-0.009936463113307537,-0.012272108233527201
2018-12-27,-0.028069299354849253,0.010215053763440674,-0.010870370370370308,-0.0003648424543947204,-0.001553277415346277,0.0026658369350491817,-0.001455407505590367
2018-12-26,-0.021825002209847177,0.01915912719531665,-0.004611861032582709,-0.0012940044460666433,-0.005600497822028649,-0.012356314407996005,-0.004091308923372061
2018-12-21,0.022275249565819166,-0.023739663910376074,-0.0037037037037036535,-0.008223684210526327,0.0012376237623761277,0.031653981324801794,0.021056725976716262
2018-12-20,-0.043342182247108285,0.029781420765027322,0.013630731102850069,0.016583747927031434,-0.0049443757725585735,0.019118198812002163,0.02947697548713868
2018-12-19,-0.016199218625925105,-0.01507827009816931,0.005501222493887514,0.0,0.013664596273291751,0.01864063309408781,0.023936052725636037
2018-12-18,-0.00180509123782302,-0.015400695550042198,0.009726443768997006,0.014681892332789603,0.009227941176470633,0.019222250474559166,0.019839386636919087
2018-12-17,0.0,0.010396716826265529,-0.0024081878386513766,0.006430868167202508,-0.005500710356635574,-0.004978527843197522,-0.005635669204127947
2018-12-14,0.01804532944414383,0.01976712699702121,-0.005431502715751324,-0.007987220447284282,0.001831501831501825,0.016678650948335205,0.02320858108638202
2018-12-13,0.00404650155245867,0.019118428040361346,0.008495145631068013,0.008051529790660261,-0.000292504570383878,0.0140195830573826,0.020622158385261047
2018-12-12,-0.003526778779492812,-0.011985409067222563,0.012033694344163681,-0.014376996805111841,0.000902152975885695,0.0027945180335893216,0.004843050561045725
2018-12-11,-0.003542147806004703,-0.004483122362869296,-0.004161712247324645,-0.004862236628849326,0.0006090133982945556,-0.005573460930099805,-0.009004441144957243
2018-12-10,-0.028695755461753847,0.029403973509933845,-0.008358208955223878,0.0032573289902280145,-0.003104077906268876,0.005899198255088889,0.0013989075451217303
2018-12-07,0.023264970113461514,-0.015697375193000518,0.008428657435280096,0.009740259740259605,0.004334818975517241,-0.0024916170960919137,-0.0028204344615071486
2018-12-06,0.019678314503247085,0.027450980392156765,-0.006567164179104412,-0.030546623794212135,-0.00547112462006083,0.02704669311259389,0.030479382814578404
2018-12-04,-0.026402277116771677,0.0025445292620864812,-0.0012019230769230171,0.013266998341625147,0.0030012224938875676,0.005581536574692958,-0.007572338916121857
2018-12-03,0.02112238312350745,0.006847715736040705,-0.0030084235860409203,0.0,-0.004924096994960103,0.04440592769771823,0.0365117682558842
2018-11-30,-0.0017912638750134935,-0.00377617230235594,-0.012673506336753237,-0.006546644844517169,-0.009694824323413731,-0.011446849459119668,-0.014771871706068307
2018-11-29,0.008695195466827066,0.04504048582995934,-0.005226161369193183,-0.016474464579901205,-0.010698824984539335,-0.009649736499544148,-0.0011034862217059738
2018-11-28,0.00152445197831641,0.015493946731234942,0.004639159421180539,0.00670016750418756,0.0026880040007501993,-0.0005573240339836749,-4.998204726469613e-05
2018-11-27,-0.0002541699761715588,-0.004527907791864072,-0.014067278287461793,-0.009983361064891727,-0.013092269326683281,-0.023397487891358426,-0.029569939090260844
2018-11-26,-0.03697379939157042,-0.0208359281437126,-0.01674937965260559,0.015126050420168013,-0.0012634238787112562,0.0017115008705816948,-0.006725423899852423
2018-11-23,0.03155646354011998,0.001707432222523897,0.019558359621451027,-0.011589403973509937,0.008222643896268034,-0.007260710436234996,-0.01697873094741076
2018-11-21,0.0012908423702100436,0.018317505048852434,0.0030940594059405413,-0.0016582914572864649,0.004391468005018995,0.0020074211945499965,0.0017483533826978537
2018-11-19,0.01981634349111805,0.008979206049149369,-0.00988875154511748,-0.0033222591362125353,0.0025031289111387967,0.021187266355490397,0.025910867008287708
2018-11-16,-0.010095745446692117,0.003395784543325453,0.018102372034956238,0.01333333333333342,0.006242197253433224,0.01609027699290011,0.023850198742838336
2018-11-14,-0.0333974267604118,0.020825753949258008,-0.006131207847945963,0.0,0.000618429189857661,-0.013053914007937317,-0.0016684414404278813
2018-11-13,-0.016088453389830448,-0.02809606542540355,-0.0018507094386182033,0.00493421052631593,-0.0006180469715697523,0.0033772463150993914,0.007951719570934435
2018-11-12,-0.025472407950034026,0.007193897490579415,0.0005129789864031231,0.013911620294599025,0.009276437847866248,-0.004488810785979402,0.0005523415042780755
2018-11-09,0.012105557194599159,0.03233532934131733,0.005664584916266646,-0.023405972558514954,-0.001225490196078427,0.020144236896577628,0.01993709231817098
2018-11-08,-0.015492866025162089,0.022737819025522077,-0.008599508599508643,0.016528925619834878,0.009815950920245342,0.010218588180557209,0.010191626998657277
2018-11-07,0.02042365540593738,-0.004990925589836603,0.0012391573729864103,0.006504065040650486,-0.0036452004860269005,0.0016403835711462644,0.00034117930185506573
2018-11-06,0.007849758765769765,-0.017783857729138153,0.007425742574257432,0.004846526655896577,0.0024390243902441266,-0.015966837342900386,-0.02709000051976207
2018-11-05,0.005378221266638672,0.029015784586815307,-0.0030712530712531105,-0.006430868167202619,0.002122871046228658,-0.010400967988035692,-0.005458859109130909
2018-11-01,0.015478678356658504,-0.015566302755224526,-0.011649294911097341,0.0,-0.010982306284319732,0.0016905279164172171,5.016588013728729e-05
2018-10-31,-0.011303807835266855,-0.043867502238137845,-0.031017369727047273,-0.00967741935483879,-0.005552128315854388,-0.017296473578528704,-0.01959851905465604
2018-10-30,0.0162180531660856,-0.00117041198501866,-0.001920614596670922,-0.0016286644951140072,0.004057071960297698,-0.007583852466091501,-0.011049276651687645
2018-10-29,-0.0782524573325849,0.01124912116240906,0.006414368184733732,0.015905383360522052,0.005844773684925864,-0.020188705841423515,-0.01720018203262008
2018-10-26,0.04798709460072326,0.05005793742757825,0.005736137667303964,-0.001204335608189555,0.0030712530712528885,0.016925443261732953,0.009676157856795209
2018-10-25,-0.02059210811011314,0.013242109909512134,-0.0019011406844106071,-0.030546623794212135,-0.017146356399264984,0.009984137351870759,0.031681757651499165
2018-10-24,-0.03180584485261628,-0.01176214332389458,0.007619047619047636,0.024892205638474385,0.01495327102803734,-0.0070199437331617265,-0.029186013651356202
2018-10-23,0.01285603457829998,0.012342957901697149,0.008241965973535104,0.014546690183006694,0.005518723143032478,0.035064235410285916,0.03910914545786781
2018-10-22,-0.008744038155802936,-0.03200522534291306,-0.0006749662516875032,-0.0015948963317383713,-0.0018315130128998547,0.01672941950842577,0.00306925191329821
2018-10-19,-0.01650925784636159,0.036884840305892785,-0.0006253908692932519,0.00800319488817891,-0.007945002721729377,0.003428007563291091,-0.002859573097486856
2018-10-18,0.00955025022778,2.1692021023866914e-06,0.01126408010012514,0.0015689133294243263,0.009864364981504226,0.0036891454427117054,0.002616313242051138
2018-10-17,0.00888112825644094,0.0028568329718003938,0.020420792079207883,0.007911392405063333,0.006105006105006083,0.017563805958526357,0.018865885469103283
2018-10-16,0.011369934496471945,-0.03962000099498819,-0.001819284414796729,0.009419152276294973,0.0042475728155340065,0.007359253750241601,-0.0021669106588388942
2018-10-15,-0.03230344730339918,0.013963963963964154,0.00911300121506664,0.0,0.004229607250755274,-0.016602760312496523,-0.022159913396080033
2018-10-11,0.0,-0.028213879408418685,-0.012322858903265566,-0.018808777429467072,-0.010003031221582415,-0.0066309227283603,-0.024359252312745827
2018-10-10,0.015965637946622202,-0.011940997424490729,-0.006862133499688117,0.004792332268370725,-0.017146356399264984,0.02710731578783343,0.01728103896920663
2018-10-09,0.023704128664654434,0.0142180094786728,0.012462311557789096,0.009538950715421324,0.006853582554517068,0.033289519235676135,0.03549735242022489
2018-10-08,0.004753959510148009,-0.01121495327102795,0.006303355171729086,-0.0047244094488188,0.0030940594059405413,0.015658683154268438,-0.0010283996519261374
2018-10-05,-0.0583336238341674,-0.020793950850661713,0.0018495684340320562,0.015822784810126445,0.002467612584824197,-0.002527270337757903,-0.0025982990778204984
2018-10-04,0.010028942585986522,-0.02389237451737447,-0.009230769230769154,-0.006230529595015577,0.0018461538461538307,0.005195150841198037,0.011943264748693672
2018-10-03,-0.004095028655204613,-0.003953038202813897,0.0015155279503105135,-0.004702194357366851,-0.007985257985258176,0.0032768835526659768,0.01301668399494127
2018-10-02,-0.03078379743786186,0.014395631670389708,0.0046885465505692725,0.007874015748031704,0.008668730650154943,-0.004145436492383303,0.003931450238001011
2018-10-01,-0.06082363906244603,-0.05774406655248343,-0.011111111111111072,-0.018750000000000044,-0.0036832412523019054,-0.0022709174322759207,0.00850120062901416
2018-09-28,-0.0012827581137206945,0.004544274214489885,-0.01061173533083648,-0.004777070063694322,-0.022489217498459668,-0.008724339790352809,0.0026990306582941326
2018-09-27,0.011294673580621195,-0.0324415147990178,0.008201892744479578,0.0040000000000000036,0.020126063662149418,0.0006380317317986606,0.0006611858930376524
2018-09-26,-0.028079624440481843,-0.008282126636387943,-0.003754693366708417,0.01035856573705174,-0.007680282743152467,-0.0014025096704235462,-0.00434185945705412
2018-09-25,0.007552213993125445,-0.010503771551724106,-0.0043969849246231485,0.004731861198738141,0.00498132004981322,0.0006385204379639742,-0.0037424324221498884
2018-09-24,0.003913174353657345,0.008981734326887203,-0.006309148264984188,0.008634222919937207,-0.006815365551425034,0.003060554402117388,-0.00512789277831438
2018-09-21,0.009713338071547062,0.016189962223421395,0.008253968253968402,-0.0038910505836574627,-0.006238303181534732,0.017423805568634432,0.0052976612159501
2018-09-20,-0.04646806076959176,-0.004248539564524645,-0.0018891687657431877,-0.0015625000000001332,-0.011299435028248594,-0.006391807255227588,0.0018042698313807115
2018-09-19,0.001672478690314616,-0.024533333333333407,-0.01766561514195575,0.0,-0.015873015873015928,-0.0015019317092062057,-0.006397891846149473
2018-09-18,0.03690966038199339,-0.004920721705850228,-0.01764932562620425,-0.015665101721439645,-0.006451612903225823,0.0008778814493168863,0.0008584803828977083
2018-09-17,-0.02524209310589909,0.010714285714285676,0.010774622103666642,-0.006343503076360557,0.012337662337662314,-0.009021156713633682,-0.01186626761516596
2018-09-14,-0.0411658596791038,0.027145963577059007,0.005827943078913211,0.011200000000000099,0.007697241821680523,-0.0003791381542442851,0.012105489006570158
2018-09-13,-0.03392676792680749,0.006914765525143807,0.004495147941170785,-0.022151898734177333,-0.0006365372374285139,-0.004931986948471967,0.0039070193429959765
2018-09-12,0.021498940221958973,0.016688567674113086,0.005761843790012877,0.012961165048543721,0.005095541401273884,-0.005973748972390336,-0.00042716209738524746
2018-09-11,0.0,-0.019219335659816594,-0.012094207511139432,0.017555630101755426,0.0291508238276299,-0.0030689559804558675,-0.0012346586173757057
2018-09-10,0.017189550615460458,0.012084393078818811,0.01804123711340222,0.020408163265306145,0.0024630541871923928,0.0002573153963059127,-0.006418577816241111
2018-09-06,-0.005859236287019676,0.0010666680441233645,-0.006966434452184922,0.006349206349206327,-0.0018461538461539417,0.0030921309576719125,-0.0020647189679925404
2018-09-05,-0.030536471914304197,0.009287925696594312,-0.000956632653061229,0.015772870662460692,-0.0012330456226880004,-0.003082599157387178,0.003656980517492636
2018-09-04,-0.02004364077014087,-0.017638036809815905,0.006064474944142972,0.01086956521739113,0.005555555555555536,-0.007089275854174182,0.011265269948234291
2018-08-31,0.01000032680806573,-0.0013036690085870273,0.0019035532994924331,0.02457757296466978,-0.0055248618784530246,0.0007785521100931447,-0.004123787958635661
2018-08-30,-0.0014156285390714007,0.011706648532174402,-0.0186827105763141,-0.019490254872563728,-0.021604938271604923,-0.0006478369294157238,-0.004712686066295491
2018-08-29,0.04284499169670708,0.0018207946596890956,0.008712487899322552,0.00917431192660545,0.0012681388012618644,0.0070087690984890205,0.0029174420382362953
2018-08-28,-0.009849767738126625,0.0018560459024314913,-0.0019193857965451588,-0.02590909090909077,-0.0006427180673089783,-0.0007743794863507292,-0.009871126288081733
2018-08-27,0.016463213719736913,0.02500250178974195,0.014102564102564052,0.00015554518587634902,0.0100946412020253,0.0020648152515987395,-0.0024084180880434847
2018-08-24,-0.030355537203477834,-0.008173431965253553,0.004361567635903896,0.018662519440124425,0.004369538077403368,-0.012485759670310181,-0.004103507272433249
2018-08-23,0.0003502306348328599,-0.03104492680464399,-0.0011957958335955254,0.016793893129771087,-0.003107520198881386,-0.00430125687138716,-0.006011098323407071
2018-08-22,0.023302075583546467,-0.0065121125293045035,0.019892879647133155,0.0045045045045044585,0.01371571072319222,0.002879435767379812,0.0022918743719191337
2018-08-21,-0.01971167304282917,0.01127425275301519,0.014858795109263134,-0.001494768310911887,0.0171586715867158,0.009790616121371887,-0.0018001791262443056
2018-08-20,0.028075894946418378,-0.012444905366865378,0.007536740085960281,0.02844311377245523,0.00767277344458539,-0.007368345694954592,-0.006044503025725456
2018-08-17,-0.02124089083663505,0.03885534260960877,0.0063323262839880545,0.026200873362445476,0.0020460941203295224,-0.0066419549473786255,-0.00632690823286941
2018-08-16,0.02824473515141257,0.008845084660096036,-0.00028820520210404155,-0.02737588652482259,0.004790419161676773,-0.006030194810087264,-0.000937593269426884
2018-08-15,0.004688033057724583,0.0007515030060121219,-0.03183183183183169,-0.015619075397404147,-0.010131108462455352,-0.012530475157492282,-0.007805521803155968
2018-08-14,0.011007249141548936,0.02759449311639539,0.009677419354838568,0.011866842471740302,0.003010234798314304,0.004809497291691889,0.010505794762410758
2018-08-13,-0.003947393248674547,0.003351813779462365,-0.008976406979601892,-0.01024890190336758,-0.015606242496998934,-0.006913028078533889,-0.010642865813712543
2018-08-10,-0.02087224699646506,0.008739985433357633,-0.006193466791486468,0.023653846153846247,0.0012195121951221743,0.004818397466739954,0.002788587073631499
2018-08-09,0.03586270943775882,0.0052924187725631455,0.04366812227074224,0.023136172488041673,0.026187576126674772,0.008925228246148054,0.00605918117123605
2018-08-08,0.01404194278627413,0.0033540899068467134,0.0077704722056186615,0.010593220338983134,0.007715133531157159,0.005546166316007239,-0.0020730632940145766
2018-08-07,0.003223346607381661,0.009689811500835255,-0.009489916963226541,-0.007686932215234199,-0.0005889281507657218,0.004463226063154746,-0.0015833335012016558
2018-08-06,0.0006425980053756941,-0.0008531031924018384,-0.010778443113772407,0.011267605633802802,0.0005892751915146377,-0.007057798272908866,-0.00431063181575142
2018-08-03,0.0032035874307816403,-0.012296594134342476,0.009685230024213176,-0.02089136490250687,-0.0017667844522968323,-0.0014485556400813948,-0.007016232065548467
2018-08-02,-0.026541809934889193,-0.006467896389137029,-0.00299760191846532,0.0007112375533429027,-0.007669616519173972,-0.0009230201218387579,-0.003357406394632223
2018-08-01,0.015436413100659685,0.012533140515786911,0.0018039687312088049,-0.00497512437810943,-0.0047562425683711496,0.001319621405169391,-0.006385767953221877
2018-07-31,-0.0009621362384913956,0.01491311592477973,0.01200480192076836,-0.008571428571428563,0.0131421744324971,0.013706251334063113,0.0037448070360539543
2018-07-30,0.0103566295764006,0.013188230741266294,-0.021945432977461543,-0.012968299711815678,-0.009433962264150941,-0.021580779168557163,-0.0034788285719711265
2018-07-27,-0.020834555373064334,-0.009694713742048333,-0.007889630078835586,-0.02481751824817513,-0.013690476190476253,0.009964844661164651,0.011332528833490674
2018-07-26,0.034049085497126264,-0.00794763908368401,-0.012805701746343101,0.007485029940119903,-0.0024140012070005268,-0.00013197527113351093,-9.981757828292359e-05
2018-07-25,0.005058313629928479,0.0138996229971724,0.012358827025956032,0.011887072808320909,0.0,-0.007630827442930421,0.0014006415447598286
2018-07-24,-0.002201198950917971,-0.00046246912030933895,-0.010397553516819702,-0.048458149779735615,-0.017543859649122973,-0.014982757497959853,-0.007793458845166357
2018-07-23,-0.03155994439730658,0.007905138339921125,-0.012978986402966575,0.004629629629629539,0.010467980295566504,-0.004173295130874388,0.003675390721714633
2018-07-20,0.03584690408017188,-0.008442906574394504,0.003130870381966133,0.001536098310291889,-0.005490554539914649,0.006217672200705682,0.0011036868042264558
2018-07-19,-0.0182515773523515,-0.018239344872510665,-0.0037453183520598232,-0.022990797546012187,-0.007346858743007112,0.0010752627796244418,0.004109391963039499
2018-07-18,-0.033977592679493185,-0.006872037914692042,-0.005012531328320802,-0.015714039026075044,-0.00925925925925919,0.0004024398794082451,0.002195916164981382
2018-07-17,0.01626565464895635,0.01145311381531866,-0.0018891687657431877,0.0,-0.0006230529595016021,-0.010865710637379289,-0.0008963149188272457
2018-07-16,-0.017633483453205256,0.010943618778013642,-0.006940063091482651,-0.012759170653907415,-0.011783042394014842,-0.003932349419358494,-0.0009970808112431673
2018-07-13,0.019276677918681484,-0.003124569759111906,-0.014612452350698857,0.01453957996768973,-0.005110087691628351,0.004084448933718621,-0.00039923038945799405
2018-07-12,-0.022824323568351845,0.011938202247190999,0.014829142488717029,-0.017515923566879033,0.010779961953075512,-0.005151739703959213,-0.00449186535379531
2018-07-11,-0.0023395607121728945,0.006245662734212454,-0.0006353240152477957,-0.01620745542949753,-0.01129234629861986,-0.011585925983949252,-0.007169902233710057
2018-07-10,0.02006870643682901,0.022188505747126497,0.025429116338207214,0.03296540362438227,0.017449238578680193,0.016685638535467895,0.003383861622577644
2018-07-06,-0.01967387717140201,-0.005296235664472793,0.020446096654274992,0.009287925696594312,0.01351766135864163,-0.0182317323699972,-0.010285602825230056
2018-07-05,0.0,-0.04128701014404501,-0.03825136612021851,-0.021472392638036797,-0.022113870381587075,-0.0034638303418215166,-0.009272234848209715
2018-07-03,0.005027513373492054,0.024540789942833596,0.011363636363636243,-0.02037617554858928,0.0027934518021170973,-0.004867961980490443,-0.005862078352294353
2018-07-02,-0.03332748707468458,-0.002055811123505502,0.004993757802746579,-0.019199999999999995,-0.011117974058060476,0.003213969156993901,0.003983052543224508
2018-06-29,0.012747746859407938,0.026558891454965483,0.008695652173912771,0.040783034257748874,0.026858213616489657,-0.0022284519900322985,-0.001803200444768449
2018-06-28,-0.029614397488773925,0.010573678290213717,0.0049261083743843415,-0.03448275862068961,-0.013990267639902743,-0.0020948426898598216,0.0009804683969709682
2018-06-27,-0.027371640251562135,0.014247551202137165,0.0036703431372548945,0.009740259740259605,0.017890191239975373,-0.0013990062231654665,-0.004228262113406767
2018-06-26,0.05339126774860414,0.0008779631255486642,-0.0006043992942569298,-0.004823151125401881,0.00121212121212122,0.008126189430537112,0.011961625380933816
2018-06-25,-0.02396957090590013,-0.0035087719298246833,0.007330482590103715,0.01453957996768973,-0.006658595641646503,-0.0037522634832447554,-0.0038824300376000265
2018-06-22,-0.006782708508085045,-0.0006051936619717591,0.02122498483929669,0.02070063694267521,0.018281535648994485,0.01283256591557369,0.02040193052999628
2018-06-21,0.006695679932760434,-0.01017781447839261,-0.014251781472684022,0.0056162246489859236,0.002393776181927043,-0.0034423655613775583,-0.0006529201520678596
2018-06-20,0.025552924176132974,0.0037752806989053145,0.009638554216867545,-0.010238907849829282,-0.0071641791044776415,0.01271374294382932,0.004473937926931848
2018-06-19,-0.026963240129003974,-0.00155141843971629,-0.0005966587112172794,-0.010971786833855801,-0.0018039687312084718,-0.00068160785303506,-0.0059555293247915975
2018-06-18,-0.021745164054109534,0.0013318534961155315,0.017313432835820874,0.019017432646592836,0.003018072289156404,0.02157518853318674,-0.0005536669133685557
2018-06-15,0.006093724943565082,0.007758811793393994,-0.0023474178403755097,0.021772939346812015,0.01320712788511802,0.004144288857073075,0.001964602215586364
2018-06-14,0.008549837953597095,0.0037395512538496156,0.021176470588235352,0.010654490106544845,0.004742145820983978,0.002498289033679546,-0.002413112561315156
2018-06-13,0.01626582919663666,0.007012930089853153,0.008064516129032251,0.025602409638554313,0.0265722713864307,0.003835224119175251,-0.010230537993963229
2018-06-12,0.027469306867526022,0.008269858541893216,0.017142857142857126,0.029368575624082238,0.0034252086158939044,0.008036469593006634,-0.0018325749548089298
2018-06-11,-0.018278626813309606,-0.0012950571983595394,-0.004494382022471988,-0.031383737517831634,-0.022336769759450203,0.001046257469839551,-0.004131904547800991
2018-06-08,0.008269820688782792,0.00038902096390747154,0.016924379232505782,0.010309278350515427,0.024598711189220746,-0.0019588262932020983,-0.004917196706680116
2018-06-07,-0.013330196816435325,-0.006437953681299624,0.0027802596018846604,0.008746355685131046,-0.0005660409722181292,-0.003270660541669579,-0.0010297844541932166
2018-06-06,0.004498132400858168,0.016307893020221842,0.01660210293303832,-0.007225433526011571,0.0028604118993136307,-0.004199852385516234,-0.0030399706463841714
2018-06-05,0.004834013734611897,0.007702182284980763,0.004354926510615087,-0.018922852983988325,0.007980604677695124,-0.008303764280953474,-0.008528170803854151
2018-06-04,0.03536419252482159,0.015074309978768685,-0.0005420054200541147,-0.005934718100890191,-0.006785550569046617,-0.001196384075542234,-0.004170469121935971
2018-06-01,-0.0023270227417043765,0.009621418113365365,0.01925704989154009,0.023880597014925398,0.022222222222222143,0.0014644640606000792,-0.011987576113925424
2018-05-30,-0.013956590506317035,-0.025683172385453035,0.0,-0.00291545189504383,-0.0027676248897664513,0.014641963198484875,0.0074037928068282355
2018-05-29,-0.012472799094011666,-0.000632644453816944,0.008051529790660261,0.023391812865497075,0.012235817575083408,-0.01390144806750715,-0.010415891273414246
2018-05-25,0.033681054789072906,0.002316944503059748,0.004973375931842439,0.008571428571428452,0.013736263736263687,0.016245561100804773,0.007533571570292663
2018-05-24,0.02903965670316655,0.0021094825662424377,-0.0038890713914822017,-0.018413597733710985,-0.00596205962059615,0.0018504400859380432,-0.0025984508839764775
2018-05-23,-0.03135133191932993,-0.007983193277311007,0.003186170212765793,0.002871572871572914,0.0070883315158123406,-0.004879736021085046,-0.0022331235632776503
2018-05-22,0.02620904141414515,0.007200338839474796,-0.010599207843095648,-0.01581317716801689,-0.005955603681645827,0.0009273445689865767,-0.00484917278657282
2018-05-21,-0.046670837688193134,-0.007148864592094295,-0.004287245444801857,-0.01754385964912286,-0.004357298474945481,0.012445740875785427,0.005194013446092383
2018-05-18,-0.003645592285456356,-0.013341804320203154,-0.023143164693218532,0.011904761904761862,-0.003829321663019747,-0.014907701489260905,-0.00484762322446286
2018-05-17,0.008966475661063456,-0.0012878300064391723,-0.000550964187327696,-0.03529411764705881,-0.012081274025260935,-0.005841071058008351,0.002837004145466393
2018-05-16,0.021720754716981094,-0.004943047496239084,0.006063947078279952,-0.004573170731707266,0.006675931072818386,-0.0038720975028893045,0.0035227450946224703
2018-05-15,-0.01449275362318847,-0.0021533477321813432,0.008219178082191636,0.0,0.0066206150159304755,-0.003619942592829606,-0.008935756647010296
2018-05-14,0.03562166456796789,0.006703419674763955,0.0010869565217392907,-0.003062787136294043,-0.00904004388370816,0.0033635056112533146,0.0056566251668623835
2018-05-11,0.010407582046559005,0.01311545904106648,-0.0059717698154181376,0.010752688172043001,-0.00028784624582078866,0.0017429347138013807,-0.0026362713257852555
2018-05-10,0.03373410263848742,0.0023323429541597385,0.015292190060076427,0.016717325227963542,0.006644518272425293,-0.002141526086596124,-0.002461455484995212
2018-05-09,-0.005138030433215923,-0.006773251690137094,-0.005917159763313529,0.005979073243647326,0.005500550055005604,-0.006707159181743583,-0.00316471975019339
2018-05-08,0.02064781698699969,0.006182050735451083,0.0032467532467532756,0.010401188707280795,0.002188183807439792,-0.01066847260908621,-0.0022063615018190763
2018-05-07,0.008038815605401872,0.009322033898305104,-0.005393743257820827,-0.010294117647058787,-0.00927947598253287,-0.007097358110120688,0.0034513835244718294
2018-05-04,0.0035405538969788264,0.014063811922754077,0.019522776572667988,0.022288261515601704,0.014820936639118543,-0.006598570381866287,-0.0009134748506557377
2018-05-03,-0.05147058823529416,0.012833781825708934,0.009340425531914942,0.022718023255813957,0.0033117976003040894,-0.011487360564030435,-0.013771726525802941
2018-05-02,-0.003410141526207222,-0.005722460658083017,-0.005038048862750166,-0.017949774739564828,-0.005411255411255533,-0.002379396191497407,0.005454510042876004
2018-04-30,0.014625652516761178,-0.017094017094017144,-0.005514396363024088,-0.03125360396724719,-0.010337323177366575,0.004589699808823511,-0.0016685285204141032
2018-04-27,0.007349838233225547,-0.00357349896480319,0.002645502645502784,-0.02083333333333326,-0.003848268279274314,0.01343163246776835,0.002157088409266983
2018-04-26,-0.01765404084482458,-0.022386416054056668,-0.010026385224274237,-0.019756838905775065,-0.008830022075055233,0.0020498236148280835,-0.003175145156942949
2018-04-25,-0.007430888472705455,-0.004038257173219928,0.0010660980810235365,0.015503875968992276,-0.0005567928730513261,0.0036807042690734093,-0.01219969546194244
2018-04-24,0.03028263313545909,0.010179257362356031,-0.0021299254526092604,-0.025954198473282397,-0.011927576601671208,-0.0028519548932192107,-0.004317304004210154
2018-04-23,0.011818876841812598,-0.015569216469146774,-0.0005336179295623023,-0.01567398119122254,-0.006534768463962948,0.028746910836264794,0.014544493518360957
2018-04-20,-0.009582327303450655,-0.009442060085837034,0.008008542445274935,0.006369426751592355,-0.003371169125993223,0.0011907160274267081,-0.0011898822480164162
2018-04-19,0.006502040773864293,-0.004116117850953116,0.004862288135593307,0.025316455696202445,0.01249387834128668,0.004365854741656738,0.010236558094097292
2018-04-18,0.007166334764303395,0.004024363715466661,-8.960667938751055e-05,-0.0030864197530865445,0.0,0.0027648126808319518,0.0024126052745863102
2018-04-17,-0.009499668178677312,-0.011398548369624062,-0.00100157616459573,-0.01702786377708987,-0.004499437570303799,-0.010243351948841073,-0.0065787283962406296
2018-04-16,-0.004500101882582874,0.004955192871184622,-0.0005857179794311884,0.0,0.003389830508474745,-0.008359958513444843,-0.017228292033473425
2018-04-13,0.004211680300854281,0.0286773525242614,0.0063357972544877406,0.02203149606299215,0.006756756756756577,-0.009903130703355245,-0.00920359402917681
2018-04-12,-0.0053928003869274654,0.00572397710409156,0.0031479538300105414,0.015423966470978101,0.010067114093959662,0.002433193523961874,0.0050320588572077
2018-04-11,-0.027158830006356438,0.004215851602023646,-0.00622384937238496,0.007587253414264028,-0.005060908084163929,-0.014156347865939,-0.005171869966336562
2018-04-10,0.011171808054841526,-0.009238035264483635,0.0041576759117940565,0.004518072289156683,0.007312756697795297,0.007384992409828817,0.0034842674829722586
2018-04-09,0.01501364716516762,0.008052983163099992,-0.0036687631027252365,-0.0014992503748125774,0.0021546961325966674,-0.015069057016013243,-0.00936856101174166
2018-04-06,0.0238815004470172,-0.011559478772593446,-0.009205681220410322,-0.03603603603603611,-0.006273774739511406,0.0030324458693227196,0.0023920987531007576
2018-04-05,0.007960560738772493,0.0036147140123325983,-0.0007963897000266007,-0.017133956386292892,0.0030401881809909437,0.028445051887350026,0.02070016633961136
2018-04-04,-0.006728036970495621,-0.0059322033898305815,-0.012752391073326375,-0.012678288431061668,-0.023230088495575174,-0.010020354721678615,-0.011635053371702675
2018-04-03,-0.004425244253799976,-0.0029838022165388223,0.018557588805167002,0.0016372391653289853,0.018980747451868618,-0.004320305862362095,-0.015843627865838483
2018-04-02,0.010072638895043395,-0.0008572039333049064,0.0008031788975313425,-0.014855293099580114,-0.001956077176135884,-0.013689843831108273,-0.010843848243149434
2018-03-29,0.006732495511669656,0.014550737164606753,0.0058078141499471325,0.008540056933712847,0.0,0.02102742086419629,0.03028931658792633
2018-03-28,-0.028231523972660155,-0.005314213412062507,-0.023622047244094446,-0.011290322580645218,-0.03563474387527843,-0.014403210818719092,-0.012944668731412201
2018-03-27,0.0035909305718928586,0.013822930800542865,0.0005376344086021057,0.0032626427406199365,0.0011547344110853786,0.003414495054498534,0.008502214555351273
2018-03-26,0.02358578116299692,-0.006482643245504072,0.008876947877485275,0.014634146341463428,0.0017301038062285112,0.014019906038926777,0.01956032825016618
2018-03-23,-0.004083277367360694,-0.014944222268996055,-0.0018748135838767555,0.0064102564102563875,0.004029936672423684,-0.023624575416697158,-0.027183156752620286
2018-03-22,0.026353410838076297,0.018162393162393098,0.0032017075773747017,-0.006369426751592355,-0.0011467889908256534,0.014847143936815188,0.02005438361645373
2018-03-21,-0.027680683311432364,0.001922350472193024,-0.0010638297872340718,-0.0032051282051283048,-0.004592422502870397,0.0341374537040986,0.01945898855928818
2018-03-20,-0.0015508118956394368,-0.002756505856527647,-0.0015974440894569453,-0.004823151125401881,0.0011534025374855261,-0.0011791448039294439,0.0025052972567620735
2018-03-19,0.011732060978292047,0.00504095778197855,-0.0031999999999999806,0.001615508885298933,0.002880184331797375,-0.0034095224467106666,-0.005263904661515606
2018-03-16,0.0217437839067236,-0.009404388714733591,0.01712145532370246,0.030645161290322465,0.016082711085583012,0.007763250541895195,0.013630804240403194
2018-03-15,0.005669709934758904,0.008227848101265867,-0.004208311415044852,0.023474178403755985,0.009609949123798645,-0.0052963765167488575,0.00026364483320828747
2018-03-14,-0.0022590042803899424,0.017786147729650592,-0.006867406233491802,0.018363914373088708,0.005599104143337197,-0.002877144946678456,0.0009486556309987737
2018-03-13,0.002831779878050833,-0.000822368421052655,0.01755319148936163,-0.003017972703112548,0.0050111358574609355,0.01101552809615769,0.003950421563184481
2018-03-12,0.0126810002960418,-0.014197530864197616,-0.00699947726084682,0.006024096385542244,-0.003324099722991858,0.004927912038067861,0.007082349748143146
2018-03-09,-0.002781998605788094,0.008557712377374349,-0.004269297382094139,-0.0014970059880239361,-0.0011117287381878782,0.012519712871825517,-0.0025005898622517675
2018-03-08,-0.03266209438150136,0.0020695364238410008,0.016653449643140528,0.019490254872563728,0.0072342793544797335,-0.02154225001309129,-0.01639843191863577
2018-03-07,-0.0014486382800167341,-0.0030978934324659146,0.0010400416016640435,-0.002941176470588225,-0.013812154696132617,-0.0052104703420357,-0.002601851097901897
2018-03-06,-0.002884804583671019,0.0,0.008571428571428452,0.01179941002949847,0.001955182072828965,0.00013104749713077624,0.005514442756633597
2018-03-05,0.0118870032309637,0.005384296664594945,0.0018027298480556286,0.004373177842565523,-0.0013922359085037916,-0.004452272548595038,-0.004848743348404128
2018-03-02,0.011168918740249056,0.0065959336409100455,-0.006169665809768743,-0.01596516690856309,-0.005599104143336975,-0.011837155979190772,-0.010374043189916415
2018-03-01,-0.01699491688867827,0.012487205731832152,-0.0010346611484738366,0.029498525073746285,0.0045045045045044585,0.0002649838556130213,-0.0029025127263173633
2018-02-28,-0.005187618882932732,-0.017873028710068795,-0.009839461418953754,-0.044412607449856756,-0.01289237668161436,0.0199610338640952,0.010726075790840728
2018-02-27,0.004061426145556046,-0.0011548913043478715,-0.0036610878661087476,-0.02398800599700157,-0.005110732538330498,0.014481620380358828,0.0020827470664843695
2018-02-26,0.03491016110077205,0.007312463545885217,-0.00419422572178485,-0.006144393241167445,-0.003424657534246478,0.012730639552761547,0.018577869934229607
2018-02-23,0.014209105794625865,-0.009100823125256952,0.0021296672131407846,-0.021638330757341562,-0.006300114547537206,-0.013587170971232632,-0.007682233992362564
2018-02-22,-0.004126569269904845,-0.0037146473562820193,-0.00423450198574471,0.0015797788309637184,0.0,-0.008239102106015417,-0.013911705334821667
2018-02-21,-0.03671016297579732,-0.015336787564766863,0.0031695721077653616,-0.01104100946372244,-0.0017291066282421053,-0.0066189670801755085,0.0037469094276654236
2018-02-20,-0.006864012537733943,0.011786992212165837,-0.007898894154818259,0.00797448165869219,-0.0017321016166282899,-0.0002615127549405738,-0.0017560294151247602
2018-02-16,0.002900693891479955,0.0,-0.0015923566878981443,0.01740506329113911,0.003470213996529914,0.010194781593497293,0.009487686715603738
2018-02-15,0.011859448026928288,0.03182858331599747,0.0031897926634769647,0.0062208398133747345,0.0034582132564839885,-0.0002589413116330652,0.0
2018-02-14,-0.031432565377362276,0.007258064516129092,-0.007175410704822527,-0.012364760432766575,-0.005169442848937389,-0.014883439413168942,-0.01019045356884507
2018-02-09,-0.021543185082816496,0.011156186612576224,-0.01676581936181709,-0.030162412993039456,-0.012096774193548487,-0.015866216489517138,-0.012669223675945918
2018-02-08,0.04855054565441996,0.0005095285857572573,0.004950495049504955,0.01594896331738438,0.004664723032069995,-0.010703291904458179,-0.003364736032341109
2018-02-07,0.010633391836342154,-8.019985804574858e-06,-0.0011494252873563982,0.01098901098901095,0.0011607661056296514,0.040125847675842596,0.042065382852421784
2018-02-06,0.03442389384598221,8.02005012534579e-06,0.0038906241437888234,-0.026397515527950444,-0.003478260869565153,-0.00184318375668302,0.0005843173777400068
2018-02-05,-0.010726753411615442,-0.024368726867353474,-0.018558951965065518,-0.012759170653907415,-0.012216404886561949,-0.017939269646216616,-0.02086195096879795
2018-02-02,0.035865520338765444,0.004726674886970983,0.008954393770856495,0.009693053311793154,0.007656065959952718,0.04754844049547602,0.03627012219929915
2018-02-01,0.011539176215546565,0.009204336265084878,0.00829061242489404,0.009599999999999831,0.001753360607831711,0.02051588191279885,0.011718944316159607
